Тип якоря,X (м),Y (м)
линия_поения,5,4
линия_поения,10,4
линия_поения,15,4
линия_поения,20,4
линия_поения,25,4
линия_поения,30,4
линия_поения,35,4
линия_поения,40,4
линия_поения,45,4
линия_поения,50,4
линия_поения,55,4
линия_поения,60,4
линия_поения,65,4
линия_поения,70,4
линия_поения,75,4
линия_поения,80,4
линия_поения,85,4
линия_поения,90,4
линия_поения,95,4
линия_поения,5,9
линия_поения,10,9
линия_поения,15,9
линия_поения,20,9
линия_поения,25,9
линия_поения,30,9
линия_поения,35,9
линия_поения,40,9
линия_поения,45,9
линия_поения,50,9
линия_поения,55,9
линия_поения,60,9
линия_поения,65,9
линия_поения,70,9
линия_поения,75,9
линия_поения,80,9
линия_поения,85,9
линия_поения,90,9
линия_поения,95,9
линия_поения,5,14
линия_поения,10,14
линия_поения,15,14
линия_поения,20,14
линия_поения,25,14
линия_поения,30,14
линия_поения,35,14
линия_поения,40,14
линия_поения,45,14
линия_поения,50,14
линия_поения,55,14
линия_поения,60,14
линия_поения,65,14
линия_поения,70,14
линия_поения,75,14
линия_поения,80,14
линия_поения,85,14
линия_поения,90,14
линия_поения,95,14
линия_кормления,10,2
линия_кормления,20,2
линия_кормления,30,2
линия_кормления,40,2
линия_кормления,50,2
линия_кормления,60,2
линия_кормления,70,2
линия_кормления,80,2
линия_кормления,90,2
линия_кормления,10,16
линия_кормления,20,16
линия_кормления,30,16
линия_кормления,40,16
линия_кормления,50,16
линия_кормления,60,16
линия_кормления,70,16
линия_кормления,80,16
линия_кормления,90,16
секция_пола,10,0
секция_пола,10,3
секция_пола,10,6
секция_пола,10,9
секция_пола,10,12
секция_пола,10,15
секция_пола,10,18
секция_пола,20,0
секция_пола,20,3
секция_пола,20,6
секция_пола,20,9
секция_пола,20,12
секция_пола,20,15
секция_пола,20,18
секция_пола,30,0
секция_пола,30,3
секция_пола,30,6
секция_пола,30,9
секция_пола,30,12
секция_пола,30,15
секция_пола,30,18
секция_пола,40,0
секция_пола,40,3
секция_пола,40,6
секция_пола,40,9
секция_пола,40,12
секция_пола,40,15
секция_пола,40,18
секция_пола,50,0
секция_пола,50,3
секция_пола,50,6
секция_пола,50,9
секция_пола,50,12
секция_пола,50,15
секция_пола,50,18
секция_пола,60,0
секция_пола,60,3
секция_пола,60,6
секция_пола,60,9
секция_пола,60,12
секция_пола,60,15
секция_пола,60,18
секция_пола,70,0
секция_пола,70,3
секция_пола,70,6
секция_пола,70,9
секция_пола,70,12
секция_пола,70,15
секция_пола,70,18
секция_пола,80,0
секция_пола,80,3
секция_пола,80,6
секция_пола,80,9
секция_пола,80,12
секция_пола,80,15
секция_пола,80,18
секция_пола,90,0
секция_пола,90,3
секция_пола,90,6
секция_пола,90,9
секция_пола,90,12
секция_пола,90,15
секция_пола,90,18
