Канал,Цикл,Флуоресценция (отн. ед.)
FAM,1,657.6
FAM,2,531.5
FAM,3,489.8
FAM,4,470.2
FAM,5,199.6
FAM,6,351.4
FAM,7,439.5
FAM,8,727.0
FAM,9,559.8
FAM,10,159.3
FAM,11,557.8
FAM,12,418.7
FAM,13,380.6
FAM,14,609.0
FAM,15,727.0
FAM,16,797.4
FAM,17,581.7
FAM,18,1031.9
FAM,19,1795.7
FAM,20,3186.6
FAM,21,5083.9
FAM,22,7958.4
FAM,23,10629.7
FAM,24,12712.5
FAM,25,14404.0
FAM,26,15186.0
FAM,27,15192.8
FAM,28,15585.8
FAM,29,15505.1
FAM,30,15340.3
FAM,31,15549.1
FAM,32,15839.6
FAM,33,15490.3
FAM,34,15790.8
FAM,35,14992.0
FAM,36,15639.8
FAM,37,15521.5
FAM,38,15401.0
FAM,39,15491.8
FAM,40,15106.4
HEX,1,638.4
HEX,2,342.7
HEX,3,779.1
HEX,4,238.3
HEX,5,591.1
HEX,6,885.3
HEX,7,338.2
HEX,8,404.1
HEX,9,508.6
HEX,10,418.9
HEX,11,223.3
HEX,12,531.1
HEX,13,298.8
HEX,14,584.8
HEX,15,338.4
HEX,16,774.6
HEX,17,408.6
HEX,18,535.4
HEX,19,823.8
HEX,20,626.0
HEX,21,1203.4
HEX,22,2036.9
HEX,23,2578.3
HEX,24,4500.5
HEX,25,6543.9
HEX,26,8666.3
HEX,27,9937.5
HEX,28,10956.3
HEX,29,11910.7
HEX,30,12200.4
HEX,31,12333.3
HEX,32,12473.2
HEX,33,12334.5
HEX,34,12564.1
HEX,35,12538.4
HEX,36,12371.4
HEX,37,12832.5
HEX,38,12562.9
HEX,39,12305.5
HEX,40,12631.4
ROX,1,539.0
ROX,2,595.9
ROX,3,679.8
ROX,4,645.8
ROX,5,307.8
ROX,6,365.5
ROX,7,589.6
ROX,8,605.6
ROX,9,573.7
ROX,10,1066.8
ROX,11,572.7
ROX,12,658.8
ROX,13,643.2
ROX,14,605.1
ROX,15,461.0
ROX,16,633.7
ROX,17,397.9
ROX,18,511.0
ROX,19,468.2
ROX,20,634.7
ROX,21,1004.3
ROX,22,473.0
ROX,23,1061.1
ROX,24,1097.1
ROX,25,1844.4
ROX,26,2988.8
ROX,27,4060.2
ROX,28,5337.2
ROX,29,6836.6
ROX,30,8264.5
ROX,31,8965.2
ROX,32,9713.6
ROX,33,10035.8
ROX,34,10117.6
ROX,35,10676.4
ROX,36,10519.2
ROX,37,10138.0
ROX,38,10505.5
ROX,39,10388.0
ROX,40,10603.3
Cy5,1,504.1
Cy5,2,578.1
Cy5,3,696.4
Cy5,4,361.9
Cy5,5,741.6
Cy5,6,261.8
Cy5,7,476.1
Cy5,8,562.8
Cy5,9,555.0
Cy5,10,430.4
Cy5,11,460.3
Cy5,12,452.5
Cy5,13,455.7
Cy5,14,616.0
Cy5,15,527.3
Cy5,16,415.5
Cy5,17,630.4
Cy5,18,540.4
Cy5,19,622.7
Cy5,20,617.4
Cy5,21,442.9
Cy5,22,520.0
Cy5,23,694.7
Cy5,24,795.4
Cy5,25,873.9
Cy5,26,1106.0
Cy5,27,1626.5
Cy5,28,1871.3
Cy5,29,2711.9
Cy5,30,3497.6
Cy5,31,4491.2
Cy5,32,5594.3
Cy5,33,6461.5
Cy5,34,7138.3
Cy5,35,7691.3
Cy5,36,7901.2
Cy5,37,8204.8
Cy5,38,8221.1
Cy5,39,8395.8
Cy5,40,8391.9
