Шаг,t_сек,x_м,y_м,T_C,RH_%,CO2_ppm
0,0.0,1.00,1.00,22.7,68.0,413
100,50.0,10.74,12.31,21.8,56.0,426
200,100.0,12.12,10.79,17.0,49.8,447
300,150.0,13.23,8.55,18.9,59.5,379
400,200.0,12.20,8.73,22.8,61.4,509
500,250.0,12.54,11.71,20.6,58.2,383
600,300.0,13.31,16.14,22.7,68.0,413
700,350.0,12.43,13.16,21.8,56.0,426
800,400.0,12.36,10.86,17.0,49.8,447
900,450.0,13.27,8.55,18.9,59.5,379
1000,500.0,12.21,8.73,22.8,61.4,509
1100,550.0,12.54,11.71,20.6,58.2,383
1200,600.0,13.31,16.14,22.7,68.0,413
1300,650.0,12.43,13.16,21.8,56.0,426
1400,700.0,12.36,10.86,17.0,49.8,447
1500,750.0,13.27,8.55,18.9,59.5,379
1600,800.0,12.21,8.73,22.8,61.4,509
1700,850.0,12.54,11.71,20.6,58.2,383
1800,900.0,13.31,16.14,22.7,68.0,413
1900,950.0,12.43,13.16,21.8,56.0,426
2000,1000.0,12.36,10.86,17.0,49.8,447
2100,1050.0,13.27,8.55,18.9,59.5,379
2200,1100.0,12.21,8.73,22.8,61.4,509
2300,1150.0,12.54,11.71,20.6,58.2,383
2400,1200.0,13.31,16.14,22.7,68.0,413
2500,1250.0,12.43,13.16,21.8,56.0,426
2600,1300.0,12.36,10.86,17.0,49.8,447
2700,1350.0,13.27,8.55,18.9,59.5,379
2800,1400.0,12.21,8.73,22.8,61.4,509
2900,1450.0,12.54,11.71,20.6,58.2,383
3000,1500.0,13.31,16.14,22.7,68.0,413
3100,1550.0,12.43,13.16,21.8,56.0,426
3200,1600.0,12.36,10.86,17.0,49.8,447
3300,1650.0,13.27,8.55,18.9,59.5,379
3400,1700.0,12.21,8.73,22.8,61.4,509
3500,1750.0,12.54,11.71,20.6,58.2,383
