Параметр,Значение,Ед.,Источник,Дата
T_LAMP,65.0,°C,"протокол LAMP, New England Biolabs",07.10.2026
T_допуск,0.5,°C,PID nRF52840,07.10.2026
t_анализ_мин,30.0,мин,LAMP-протокол,07.10.2026
t_анализ_макс,60.0,мин,LAMP-протокол,07.10.2026
N_лунок,4,шт,ТЗ,07.10.2026
N_мишеней,7,шт,7 патентов НР,07.10.2026
Масса_макс,500.0,г,ТЗ,07.10.2026
Автономность,4.0,ч,LiPo 5000 мА·ч,07.10.2026
Чувствительность,100.0,копий/мкл,расч.,07.10.2026
Стоимость_теста,300.0,₽,расч. реагенты,07.10.2026
Стоимость_прибора,50000.0,₽,расч. BOM,07.10.2026
C_PCR,800.0,₽,рынок,07.10.2026
N_проб_год,20000,шт/год,оценка рынка,07.10.2026
k_роста,0.15,1/мин,расч.,07.10.2026
t_лаг,8.0,мин,расч.,07.10.2026
U_bat,3.7,В,LiPo 1S,07.10.2026
Q_bat,5000.0,мА·ч,LiPo,07.10.2026
P_heater,8.0,Вт,картридж 8 Вт,07.10.2026
P_mcu,0.15,Вт,nRF52840 datasheet,07.10.2026
MTBF_target,8000,ч,ТЗ,07.10.2026
