Траектория,t_сек,x_м,y_м
1,0.00,0.0000,0.0000
1,1.00,0.1495,-0.6848
1,2.00,0.7330,-1.1228
1,3.00,1.4249,-1.3364
1,4.00,2.0997,-1.0650
1,5.00,2.4587,-0.4226
1,6.00,2.4151,0.3194
1,7.00,2.0794,0.9759
1,8.00,1.4262,1.4161
1,9.00,0.7135,1.3162
1,10.00,0.0444,0.9323
1,11.00,-0.4596,0.3962
1,12.00,-0.4415,-0.3557
1,13.00,-0.0655,-0.9861
1,14.00,0.4699,-1.5189
1,15.00,1.1090,-1.8488
1,16.00,1.8156,-1.7445
1,17.00,2.3862,-1.2670
1,18.00,2.7408,-0.6543
1,19.00,2.8653,0.0837
1,20.00,2.9279,0.8312
1,21.00,2.8214,1.5813
1,22.00,2.5540,2.2735
1,23.00,2.1247,2.9152
1,24.00,1.5919,3.4807
1,25.00,0.8984,3.7445
1,26.00,0.1402,3.7704
1,27.00,-0.5457,3.4506
1,28.00,-0.8780,2.7971
1,29.00,-0.8990,2.1002
1,30.00,-0.6112,1.4210
1,31.00,-0.0077,0.9228
1,32.00,0.6940,0.8332
1,33.00,1.3590,1.1065
1,34.00,1.8511,1.6618
1,35.00,2.0715,2.3634
1,36.00,2.0748,3.1164
1,37.00,1.7783,3.7825
1,38.00,1.2031,4.2906
1,39.00,0.5037,4.4895
1,40.00,-0.1973,4.2117
1,41.00,-0.6035,3.5908
1,42.00,-0.9184,2.9105
1,43.00,-0.9819,2.1462
1,44.00,-0.4290,1.6703
1,45.00,0.3079,1.7656
1,46.00,0.9174,2.1709
1,47.00,1.3012,2.7964
1,48.00,1.5165,3.5482
1,49.00,1.3459,4.2694
1,50.00,0.6842,4.6532
1,51.00,-0.0322,4.7887
1,52.00,-0.7673,4.5721
1,53.00,-1.3234,4.0998
1,54.00,-1.5951,3.4136
1,55.00,-1.4395,2.7043
1,56.00,-0.9112,2.2058
1,57.00,-0.1766,2.2663
1,58.00,0.5419,2.6073
1,59.00,0.9493,3.2764
2,0.00,0.0000,0.0000
2,1.00,-0.5429,-0.5765
2,2.00,-1.2201,-1.0229
2,3.00,-2.0169,-1.2118
2,4.00,-2.8240,-1.2060
2,5.00,-3.5939,-1.0411
2,6.00,-4.3048,-0.6379
2,7.00,-4.8195,-0.0485
2,8.00,-4.9864,0.7235
2,9.00,-4.8555,1.5093
2,10.00,-4.4255,2.2248
2,11.00,-3.8099,2.7656
2,12.00,-3.0644,3.0840
2,13.00,-2.2126,3.2295
2,14.00,-1.4751,2.9716
2,15.00,-0.9715,2.3161
2,16.00,-0.5764,1.5973
2,17.00,-0.5398,0.7894
2,18.00,-0.7335,-0.0108
2,19.00,-1.1067,-0.7614
2,20.00,-1.5096,-1.4957
2,21.00,-2.1132,-2.0655
2,22.00,-2.8509,-2.4518
2,23.00,-3.6377,-2.3511
2,24.00,-4.3649,-2.0091
2,25.00,-5.0200,-1.5337
2,26.00,-5.7226,-1.0799
2,27.00,-6.4517,-0.6627
2,28.00,-7.1393,-0.2485
2,29.00,-7.7276,0.3527
2,30.00,-8.0777,1.0935
2,31.00,-8.1353,1.9031
2,32.00,-7.7991,2.6644
2,33.00,-7.1443,3.2044
2,34.00,-6.4209,3.5276
2,35.00,-5.6016,3.4897
2,36.00,-4.9045,3.1229
2,37.00,-4.4776,2.3869
2,38.00,-4.4213,1.5932
2,39.00,-4.6438,0.8288
2,40.00,-5.1294,0.1442
2,41.00,-5.8022,-0.2701
2,42.00,-6.4934,-0.7363
2,43.00,-7.1510,-1.2095
2,44.00,-7.8561,-1.6192
2,45.00,-8.6863,-1.7888
2,46.00,-9.4703,-1.7215
2,47.00,-10.1261,-1.2248
2,48.00,-10.4379,-0.4975
2,49.00,-10.4894,0.3050
2,50.00,-10.5650,1.1430
2,51.00,-10.5419,1.9734
2,52.00,-10.3853,2.7647
2,53.00,-10.0295,3.4827
2,54.00,-9.3548,3.9448
2,55.00,-8.5407,3.9111
2,56.00,-7.8668,3.5472
2,57.00,-7.3239,2.9443
2,58.00,-7.1937,2.1535
2,59.00,-7.2028,1.2960
3,0.00,0.0000,0.0000
3,1.00,-0.0969,-0.4454
3,2.00,-0.3957,-0.7906
3,3.00,-0.7099,-1.1468
3,4.00,-1.1139,-1.2192
3,5.00,-1.5452,-1.0925
3,6.00,-1.7323,-0.7310
3,7.00,-1.5768,-0.3135
3,8.00,-1.2050,-0.0916
3,9.00,-0.7647,-0.1089
3,10.00,-0.3688,-0.2418
3,11.00,-0.1163,-0.6266
3,12.00,-0.0762,-1.0623
3,13.00,-0.1816,-1.4600
3,14.00,-0.3865,-1.8958
3,15.00,-0.7143,-2.1176
3,16.00,-1.1270,-2.1732
3,17.00,-1.5833,-2.0674
3,18.00,-1.9346,-1.7658
3,19.00,-2.1600,-1.3740
3,20.00,-2.2706,-0.9225
3,21.00,-2.1488,-0.4651
3,22.00,-1.8262,-0.1250
3,23.00,-1.4534,0.0975
3,24.00,-1.0170,0.1416
3,25.00,-0.6354,-0.0285
3,26.00,-0.3178,-0.3554
3,27.00,-0.2463,-0.7771
3,28.00,-0.4827,-1.1367
3,29.00,-0.8137,-1.4113
3,30.00,-1.2184,-1.5781
3,31.00,-1.6665,-1.4787
3,32.00,-1.9793,-1.1781
3,33.00,-2.0812,-0.7146
3,34.00,-1.9644,-0.2844
3,35.00,-1.6987,0.1014
3,36.00,-1.2988,0.3218
3,37.00,-0.8937,0.2963
3,38.00,-0.6880,-0.0648
3,39.00,-0.7202,-0.5015
3,40.00,-0.9988,-0.8549
3,41.00,-1.4507,-1.0095
3,42.00,-1.9143,-0.9872
3,43.00,-2.3478,-0.8711
3,44.00,-2.6689,-0.5971
3,45.00,-2.9452,-0.2083
3,46.00,-3.0150,0.1867
3,47.00,-2.8586,0.5970
3,48.00,-2.5086,0.8464
3,49.00,-2.0888,0.9271
3,50.00,-1.6322,0.8942
3,51.00,-1.3026,0.6052
3,52.00,-1.1121,0.2408
3,53.00,-1.0305,-0.2024
3,54.00,-1.1330,-0.6035
3,55.00,-1.4711,-0.8272
3,56.00,-1.9220,-0.7518
3,57.00,-2.2604,-0.4383
3,58.00,-2.4201,0.0063
3,59.00,-2.3528,0.4173
4,0.00,0.0000,0.0000
4,1.00,0.0645,0.4006
4,2.00,-0.0495,0.7919
4,3.00,-0.3271,1.1332
4,4.00,-0.6091,1.4219
4,5.00,-0.7204,1.8436
4,6.00,-0.8386,2.2227
4,7.00,-1.1549,2.4594
4,8.00,-1.6001,2.5417
4,9.00,-2.0259,2.4592
4,10.00,-2.4078,2.2841
4,11.00,-2.7707,2.0440
4,12.00,-3.1100,1.8090
4,13.00,-3.3298,1.4230
4,14.00,-3.5001,1.0597
4,15.00,-3.5808,0.6482
4,16.00,-3.4756,0.1908
4,17.00,-3.2410,-0.1711
4,18.00,-2.8994,-0.4031
4,19.00,-2.4566,-0.4028
4,20.00,-2.1041,-0.1661
4,21.00,-1.8432,0.1811
4,22.00,-1.7102,0.5688
4,23.00,-1.5720,0.9904
4,24.00,-1.5207,1.3813
4,25.00,-1.5195,1.7569
4,26.00,-1.6332,2.1660
4,27.00,-1.7478,2.5639
4,28.00,-1.9628,2.9453
4,29.00,-2.1249,3.3348
4,30.00,-2.2484,3.7414
4,31.00,-2.4622,4.0983
4,32.00,-2.6634,4.4911
4,33.00,-2.9285,4.8578
4,34.00,-3.2505,5.1523
4,35.00,-3.6102,5.3314
4,36.00,-3.9893,5.4679
4,37.00,-4.4188,5.5161
4,38.00,-4.8312,5.4711
4,39.00,-5.2264,5.3789
4,40.00,-5.6242,5.2516
4,41.00,-5.9949,5.0828
4,42.00,-6.3530,4.8928
4,43.00,-6.6403,4.5986
4,44.00,-6.9426,4.2750
4,45.00,-7.1971,3.9740
4,46.00,-7.4024,3.6017
4,47.00,-7.5963,3.2264
4,48.00,-7.7419,2.8394
4,49.00,-7.8236,2.4281
4,50.00,-7.7251,2.0138
4,51.00,-7.5006,1.6588
4,52.00,-7.1725,1.3794
4,53.00,-6.8345,1.1394
4,54.00,-6.4645,0.9727
4,55.00,-6.0708,0.8752
4,56.00,-5.6655,0.8848
4,57.00,-5.2535,0.9402
4,58.00,-4.8496,0.9788
4,59.00,-4.4385,1.0344
5,0.00,0.0000,0.0000
5,1.00,0.4471,0.1414
5,2.00,0.9160,0.3114
5,3.00,1.3154,0.5329
5,4.00,1.7108,0.8483
5,5.00,2.1297,1.0711
5,6.00,2.5502,1.2833
5,7.00,2.9477,1.4646
5,8.00,3.4494,1.5211
5,9.00,3.9181,1.3559
5,10.00,4.3187,1.1297
5,11.00,4.6415,0.7769
5,12.00,4.8912,0.4052
5,13.00,5.1234,-0.0258
5,14.00,5.4263,-0.4263
5,15.00,5.7686,-0.7529
5,16.00,6.0279,-1.1442
5,17.00,6.1957,-1.6434
5,18.00,6.2258,-2.1125
5,19.00,6.2017,-2.6089
5,20.00,6.3716,-3.1095
5,21.00,6.4363,-3.6053
5,22.00,6.4393,-4.1197
5,23.00,6.4797,-4.5944
5,24.00,6.5179,-5.0682
5,25.00,6.4710,-5.5463
5,26.00,6.5103,-6.0428
5,27.00,6.4582,-6.5377
5,28.00,6.2833,-6.9967
5,29.00,6.1243,-7.4540
5,30.00,6.0056,-7.9156
5,31.00,5.9381,-8.3743
5,32.00,5.8132,-8.8318
5,33.00,5.6600,-9.3366
5,34.00,5.6081,-9.8251
5,35.00,5.5110,-10.2820
5,36.00,5.4740,-10.7177
5,37.00,5.3151,-11.1828
5,38.00,5.1545,-11.6457
5,39.00,4.8681,-12.0566
5,40.00,4.4572,-12.2855
5,41.00,4.0107,-12.4662
5,42.00,3.5327,-12.6278
5,43.00,3.0579,-12.7196
5,44.00,2.6350,-12.8599
5,45.00,2.1595,-12.9280
5,46.00,1.6788,-12.8844
5,47.00,1.2100,-12.7489
5,48.00,0.6998,-12.7128
5,49.00,0.2094,-12.8070
5,50.00,-0.2500,-12.9512
5,51.00,-0.7244,-12.9092
5,52.00,-1.1957,-12.8983
5,53.00,-1.7109,-12.8795
5,54.00,-2.1709,-12.7574
5,55.00,-2.5811,-12.5320
5,56.00,-2.9979,-12.2526
5,57.00,-3.4042,-11.9122
5,58.00,-3.7497,-11.5588
5,59.00,-4.0573,-11.1694
