Время (с),ЧСС (уд/мин),T_кожи (°C),КГР (мкСм),Акселерометр (g),Событие
0.0,73.5,36.62,2.08,0.014,0
10.0,76.6,36.62,1.69,-0.021,0
20.0,76.7,36.67,1.78,0.049,0
30.0,73.6,36.63,2.06,-0.046,0
40.0,74.2,36.4,1.88,0.062,0
50.0,69.3,36.51,1.86,-0.107,0
60.0,69.0,36.81,2.18,0.05,0
70.0,76.1,36.66,1.9,0.052,0
80.0,79.3,36.53,1.93,-0.029,0
90.0,74.7,36.67,1.95,-0.087,0
100.0,77.9,36.52,2.12,0.025,0
110.0,73.7,36.51,1.86,0.08,0
120.0,72.2,36.49,2.06,-0.011,0
130.0,73.8,36.51,1.99,-0.008,0
140.0,79.0,36.51,1.85,0.064,0
150.0,73.4,36.53,2.13,0.008,0
160.0,74.1,36.61,2.14,0.008,0
170.0,76.7,36.58,1.69,0.028,0
180.0,74.2,36.57,2.22,0.083,0
190.0,70.0,36.57,1.98,0.005,0
200.0,74.5,36.59,2.11,-0.01,0
210.0,73.4,36.54,2.4,0.099,0
220.0,74.0,36.57,2.12,0.007,0
230.0,74.6,36.47,1.76,0.035,0
240.0,74.2,36.8,2.58,-0.046,0
250.0,79.0,36.59,2.04,0.035,0
260.0,78.0,36.53,2.66,0.014,0
270.0,69.1,36.57,2.63,-0.03,0
280.0,81.9,36.61,2.0,-0.052,0
290.0,76.9,36.57,1.99,-0.011,0
300.0,77.5,36.58,1.25,-0.042,0
310.0,71.0,36.75,2.18,0.002,0
320.0,74.4,36.46,1.93,0.048,0
330.0,77.5,36.64,1.58,-0.037,0
340.0,76.1,36.49,2.22,-0.067,0
350.0,71.7,36.47,1.85,-0.076,0
360.0,73.5,36.51,1.79,0.033,0
370.0,75.0,36.67,2.67,-0.084,0
380.0,73.4,36.5,1.79,0.019,0
390.0,80.3,36.66,2.15,0.052,0
400.0,79.5,36.78,2.15,-0.048,0
410.0,74.0,36.39,2.23,-0.043,0
420.0,72.9,36.64,1.42,0.052,0
430.0,76.7,36.56,1.99,-0.034,0
440.0,82.8,36.51,2.1,-0.013,0
450.0,75.2,36.65,2.17,-0.018,0
460.0,71.5,36.53,1.86,-0.03,0
470.0,71.9,36.64,1.59,-0.003,0
480.0,70.1,36.71,1.82,-0.036,0
490.0,72.3,36.77,2.4,0.003,0
500.0,73.5,36.81,2.15,-0.013,0
510.0,73.3,36.68,1.93,-0.067,0
520.0,75.5,36.62,2.01,0.025,0
530.0,74.0,36.6,2.0,-0.067,0
540.0,77.1,36.66,2.3,-0.05,0
550.0,73.7,36.71,1.83,0.09,0
560.0,70.3,36.54,1.86,0.038,0
570.0,80.0,36.63,1.21,-0.004,0
580.0,75.4,36.64,1.98,0.065,0
590.0,72.3,36.5,1.82,0.13,0
600.0,74.5,36.71,2.34,-0.086,0
610.0,74.8,36.71,2.86,0.054,0
620.0,74.0,36.75,1.87,-0.057,0
630.0,77.1,36.45,1.82,0.074,0
640.0,77.1,36.51,2.04,-0.005,0
650.0,77.7,36.64,2.05,-0.002,0
660.0,71.7,36.74,2.13,-0.016,0
670.0,74.2,36.59,1.75,-0.028,0
680.0,77.9,36.44,2.56,0.0,0
690.0,72.6,36.57,2.13,-0.024,0
700.0,77.0,36.49,1.76,0.012,0
710.0,73.1,36.8,2.25,0.026,0
720.0,75.3,36.57,1.92,-0.042,0
730.0,75.6,36.48,2.44,0.003,0
740.0,79.1,36.69,1.98,0.022,0
750.0,73.7,36.59,1.77,0.083,0
760.0,75.6,36.68,1.87,0.079,0
770.0,72.8,36.59,1.86,0.014,0
780.0,72.9,36.66,2.08,-0.008,0
790.0,71.8,36.59,1.97,0.045,0
800.0,74.1,36.5,1.47,0.057,0
810.0,74.5,36.63,1.85,-0.03,0
820.0,74.7,36.52,1.89,0.036,0
830.0,77.1,36.55,1.93,-0.096,0
840.0,70.0,36.55,2.01,-0.064,0
850.0,77.1,36.69,1.75,-0.044,0
860.0,76.2,36.77,1.87,0.047,0
870.0,74.9,36.61,1.94,0.047,0
880.0,80.9,36.69,1.65,-0.013,0
890.0,69.2,36.81,2.11,-0.04,0
900.0,75.8,36.79,1.75,-0.029,0
910.0,71.5,36.66,1.96,-0.108,0
920.0,76.0,36.69,1.84,-0.002,0
930.0,74.4,36.67,1.5,-0.033,0
940.0,74.1,36.68,2.0,-0.065,0
950.0,73.3,36.73,1.6,0.051,0
960.0,77.8,36.72,2.33,0.068,0
970.0,69.6,36.73,2.15,-0.029,0
980.0,71.5,36.6,2.71,0.026,0
990.0,73.5,36.84,2.19,0.034,0
1000.0,75.9,36.65,1.26,0.008,0
1010.0,77.4,36.76,2.69,0.055,0
1020.0,75.6,36.61,1.79,0.027,0
1030.0,80.9,36.56,2.06,-0.035,0
1040.0,78.1,36.72,1.79,0.029,0
1050.0,67.1,36.57,2.39,-0.023,0
1060.0,71.1,36.67,1.97,0.01,0
1070.0,76.0,36.69,2.32,0.019,0
1080.0,78.5,36.6,2.1,0.002,0
1090.0,71.5,36.75,2.02,0.08,0
1100.0,76.4,36.64,2.29,0.015,0
1110.0,73.2,36.59,2.35,0.036,0
1120.0,72.5,36.63,1.71,0.005,0
1130.0,78.1,36.54,1.97,-0.047,0
1140.0,76.8,36.61,1.81,0.021,0
1150.0,74.9,36.65,1.72,-0.016,0
1160.0,75.4,36.67,1.71,0.006,0
1170.0,78.0,36.61,1.9,-0.027,0
1180.0,73.4,36.62,1.4,-0.027,0
1190.0,76.3,36.67,1.72,-0.031,0
1200.0,75.2,36.66,1.89,-0.006,0
1210.0,76.0,36.48,2.49,0.004,0
1220.0,73.9,36.71,2.04,-0.009,0
1230.0,76.1,36.6,1.82,0.053,0
1240.0,70.5,36.56,2.56,0.005,0
1250.0,70.2,36.71,1.91,-0.053,0
1260.0,78.2,36.71,2.43,-0.048,0
1270.0,74.6,36.57,1.72,0.029,0
1280.0,78.3,36.55,2.05,0.007,0
1290.0,78.3,36.6,2.01,0.046,0
1300.0,75.4,36.54,1.67,-0.031,0
1310.0,75.7,36.47,2.08,-0.076,0
1320.0,72.0,36.67,1.87,0.012,0
1330.0,74.8,36.76,2.04,-0.051,0
1340.0,76.8,36.49,2.3,0.04,0
1350.0,75.9,36.68,2.35,-0.001,0
1360.0,75.5,36.62,1.78,-0.029,0
1370.0,75.2,36.6,2.08,-0.025,0
1380.0,70.6,36.75,1.58,0.041,0
1390.0,74.1,36.62,2.2,-0.023,0
1400.0,70.9,36.7,2.2,0.004,0
1410.0,77.5,36.63,1.98,-0.01,0
1420.0,68.6,36.63,1.7,0.022,0
1430.0,74.1,36.43,1.98,-0.022,0
1440.0,79.1,36.4,1.75,-0.059,0
1450.0,77.4,36.62,2.22,-0.056,0
1460.0,72.1,36.61,2.52,0.027,0
1470.0,72.4,36.62,2.18,-0.068,0
1480.0,74.2,36.58,2.54,0.005,0
1490.0,80.0,36.53,2.16,-0.069,0
1500.0,76.8,36.56,1.9,0.036,0
1510.0,77.4,36.63,2.54,0.003,0
1520.0,76.0,36.63,2.21,0.001,0
1530.0,71.9,36.64,1.54,0.043,0
1540.0,78.5,36.55,1.84,-0.098,0
1550.0,74.8,36.64,2.1,0.013,0
1560.0,74.2,36.69,1.71,-0.047,0
1570.0,71.0,36.53,1.66,-0.114,0
1580.0,72.8,36.68,2.09,0.031,0
1590.0,76.6,36.57,1.93,-0.036,0
1600.0,75.7,36.89,1.61,0.05,0
1610.0,73.4,36.75,2.11,-0.029,0
1620.0,74.3,36.67,2.51,0.04,0
1630.0,73.7,36.65,2.48,0.023,0
1640.0,74.6,36.46,2.37,-0.006,0
1650.0,72.9,36.67,2.23,-0.046,0
1660.0,72.7,36.66,2.36,-0.016,0
1670.0,74.4,36.53,2.37,0.033,0
1680.0,71.7,36.77,3.04,-0.09,0
1690.0,76.0,36.45,1.91,-0.073,0
1700.0,79.4,36.56,2.3,0.009,0
1710.0,80.1,36.48,1.34,-0.029,0
1720.0,73.9,36.44,2.13,0.019,0
1730.0,79.0,36.7,1.85,-0.058,0
1740.0,69.9,36.58,1.94,0.019,0
1750.0,70.1,36.61,2.16,-0.032,0
1760.0,76.7,36.58,2.36,0.072,0
1770.0,75.1,36.69,1.59,-0.024,0
1780.0,76.1,36.56,1.92,-0.049,0
1790.0,80.2,36.5,2.23,-0.025,0
1800.0,76.9,36.54,1.89,0.02,0
1810.0,76.8,36.69,2.01,0.054,0
1820.0,75.7,36.58,2.25,0.005,0
1830.0,75.7,36.5,1.81,0.02,0
1840.0,72.4,36.6,1.43,0.095,0
1850.0,77.0,36.56,2.45,-0.045,0
1860.0,73.3,36.65,2.28,-0.029,0
1870.0,76.4,36.63,1.99,-0.027,0
1880.0,77.5,36.4,2.04,-0.034,0
1890.0,74.6,36.53,1.64,-0.032,0
1900.0,73.3,36.58,2.0,0.031,0
1910.0,79.4,36.61,1.69,0.039,0
1920.0,75.8,36.5,2.02,0.034,0
1930.0,72.5,36.54,2.02,-0.015,0
1940.0,70.4,36.83,1.82,-0.035,0
1950.0,73.9,36.59,2.09,-0.054,0
1960.0,78.7,36.46,1.86,0.038,0
1970.0,77.1,36.32,1.98,0.002,0
1980.0,75.7,36.54,1.92,0.025,0
1990.0,77.2,36.46,2.14,0.017,0
2000.0,77.5,36.51,2.13,-0.094,0
2010.0,73.9,36.57,2.02,0.036,0
2020.0,71.7,36.72,1.3,-0.084,0
2030.0,77.8,36.61,2.51,0.038,0
2040.0,75.0,36.55,1.81,0.018,0
2050.0,73.3,36.62,1.8,0.01,0
2060.0,79.6,36.66,1.86,0.018,0
2070.0,75.8,36.62,2.12,0.045,0
2080.0,78.2,36.6,1.59,0.004,0
2090.0,74.5,36.66,1.64,0.025,0
2100.0,75.4,36.5,1.38,0.043,0
2110.0,72.0,36.45,1.83,0.059,0
2120.0,75.6,36.64,1.99,0.015,0
2130.0,74.4,36.55,1.81,-0.015,0
2140.0,82.2,36.66,1.74,-0.067,0
2150.0,74.7,36.43,2.27,-0.128,0
2160.0,74.1,36.42,2.13,-0.038,0
2170.0,77.1,36.38,2.34,0.018,0
2180.0,74.9,36.52,1.91,0.036,0
2190.0,72.5,36.59,1.91,0.009,0
2200.0,70.8,36.75,2.28,-0.089,0
2210.0,69.1,36.74,2.02,-0.09,0
2220.0,73.5,36.57,2.19,0.047,0
2230.0,75.4,36.58,1.86,0.07,0
2240.0,73.7,36.65,1.68,-0.063,0
2250.0,75.6,36.56,1.59,-0.016,0
2260.0,82.5,36.6,1.91,-0.015,0
2270.0,78.6,36.59,2.07,0.036,0
2280.0,78.9,36.53,1.71,-0.036,0
2290.0,77.0,36.68,2.06,0.049,0
2300.0,77.3,36.54,1.55,-0.022,0
2310.0,76.6,36.65,1.46,-0.118,0
2320.0,77.1,36.67,2.11,0.045,0
2330.0,75.6,36.47,1.91,-0.004,0
2340.0,73.3,36.54,1.97,-0.041,0
2350.0,68.6,36.61,2.37,-0.11,0
2360.0,75.5,36.5,2.2,0.019,0
2370.0,78.2,36.52,2.02,0.124,0
2380.0,75.6,36.67,2.42,-0.044,0
2390.0,68.9,36.43,1.65,-0.021,0
2400.0,76.5,36.7,1.68,0.107,0
2410.0,78.9,36.55,2.71,0.03,0
2420.0,74.8,36.51,1.67,0.047,0
2430.0,75.3,36.64,1.66,0.027,0
2440.0,75.2,36.49,1.57,0.002,0
2450.0,77.1,36.71,2.07,-0.04,0
2460.0,75.1,36.64,1.77,-0.024,0
2470.0,75.1,36.62,1.62,-0.028,0
2480.0,75.4,36.65,2.04,0.015,0
2490.0,75.8,36.52,2.41,-0.019,0
2500.0,72.7,36.45,1.84,-0.035,0
2510.0,73.9,36.63,2.36,0.041,0
2520.0,69.0,36.7,2.16,0.09,0
2530.0,73.1,36.5,2.26,0.038,0
2540.0,73.0,36.57,2.14,0.017,0
2550.0,74.9,36.61,1.75,-0.01,0
2560.0,70.8,36.6,1.59,-0.055,0
2570.0,84.6,36.41,2.29,0.014,0
2580.0,75.9,36.49,2.22,-0.091,0
2590.0,73.5,36.6,2.5,0.033,0
2600.0,73.7,36.57,2.17,-0.061,0
2610.0,78.3,36.59,1.74,-0.07,0
2620.0,67.5,36.78,1.43,0.024,0
2630.0,76.3,36.55,1.97,-0.02,0
2640.0,75.7,36.56,1.91,-0.004,0
2650.0,76.9,36.66,1.96,-0.013,0
2660.0,76.7,36.51,1.65,-0.067,0
2670.0,75.7,36.71,2.02,0.013,0
2680.0,73.4,36.63,2.04,0.024,0
2690.0,67.8,36.64,2.19,0.03,0
2700.0,74.6,36.78,2.28,0.073,0
2710.0,76.4,36.6,2.18,-0.031,0
2720.0,77.5,36.55,1.82,-0.066,0
2730.0,78.0,36.8,2.41,0.045,0
2740.0,77.8,36.69,1.96,-0.019,0
2750.0,72.1,36.79,1.94,0.007,0
2760.0,71.6,36.52,1.7,-0.018,0
2770.0,76.9,36.65,2.18,-0.001,0
2780.0,77.2,36.59,2.14,-0.02,0
2790.0,78.3,36.51,2.34,0.018,0
2800.0,79.6,36.53,1.93,-0.013,0
2810.0,72.4,36.8,1.79,-0.046,0
2820.0,79.4,36.68,1.94,-0.093,0
2830.0,80.1,36.79,2.18,0.026,0
2840.0,75.6,36.56,2.36,-0.019,0
2850.0,76.7,36.62,2.0,-0.043,0
2860.0,71.4,36.65,1.87,0.007,0
2870.0,75.6,36.63,1.96,0.032,0
2880.0,74.8,36.58,2.22,0.001,0
2890.0,75.7,36.69,2.13,0.047,0
2900.0,70.3,36.86,2.22,0.03,0
2910.0,74.6,36.45,2.22,0.055,0
2920.0,69.9,36.69,2.46,0.075,0
2930.0,76.6,36.59,2.28,0.021,0
2940.0,76.1,36.55,1.52,0.043,0
2950.0,74.0,36.5,1.67,-0.009,0
2960.0,71.3,36.71,2.16,0.056,0
2970.0,71.9,36.46,2.53,-0.04,0
2980.0,75.3,36.52,1.75,0.03,0
2990.0,74.6,36.73,1.46,-0.001,0
3000.0,73.5,36.58,1.95,0.032,0
3010.0,74.4,36.58,2.52,-0.061,0
3020.0,71.7,36.79,2.51,-0.09,0
3030.0,81.4,36.66,1.79,0.0,0
3040.0,73.7,36.6,1.88,-0.059,0
3050.0,71.0,36.62,1.76,-0.071,0
3060.0,76.6,36.65,2.16,0.004,0
3070.0,72.4,36.72,2.26,0.111,0
3080.0,78.8,36.63,2.53,0.004,0
3090.0,75.2,36.6,1.85,0.111,0
3100.0,72.5,36.43,1.86,0.018,0
3110.0,73.4,36.56,1.42,-0.062,0
3120.0,71.0,36.68,1.58,-0.032,0
3130.0,74.4,36.49,2.08,0.022,0
3140.0,79.4,36.6,1.37,-0.029,0
3150.0,74.1,36.73,1.93,0.02,0
3160.0,74.1,36.65,1.81,-0.084,0
3170.0,67.1,36.65,2.1,0.02,0
3180.0,75.4,36.4,1.81,-0.005,0
3190.0,72.8,36.66,1.95,0.033,0
3200.0,78.5,36.64,2.05,-0.066,0
3210.0,75.2,36.44,1.64,0.014,0
3220.0,71.2,36.83,2.27,0.002,0
3230.0,66.6,36.41,2.68,-0.027,0
3240.0,78.6,36.55,1.7,-0.053,0
3250.0,70.4,36.66,2.11,-0.027,0
3260.0,68.8,36.58,2.17,0.11,0
3270.0,78.1,36.62,1.75,0.062,0
3280.0,75.3,36.62,2.35,-0.012,0
3290.0,77.7,36.48,1.79,0.024,0
3300.0,74.8,36.57,1.64,0.048,0
3310.0,70.0,36.69,2.02,0.003,0
3320.0,74.9,36.51,1.99,0.018,0
3330.0,76.2,36.59,1.97,-0.006,0
3340.0,74.2,36.42,1.84,-0.052,0
3350.0,74.5,36.51,2.1,0.059,0
3360.0,74.0,36.63,1.86,-0.005,0
3370.0,79.1,36.45,1.8,0.005,0
3380.0,74.5,36.56,1.65,0.022,0
3390.0,74.7,36.66,2.31,-0.002,0
3400.0,79.0,36.7,1.87,0.073,0
3410.0,77.0,36.73,1.45,0.034,0
3420.0,75.9,36.52,1.55,-0.008,0
3430.0,75.1,36.54,1.77,-0.027,0
3440.0,73.0,36.69,1.76,-0.082,0
3450.0,77.4,36.69,1.96,-0.056,0
3460.0,69.2,36.6,2.15,-0.041,0
3470.0,77.4,36.46,2.02,-0.102,0
3480.0,72.2,36.42,2.17,0.017,0
3490.0,82.3,36.62,1.87,-0.052,0
3500.0,78.0,36.86,2.3,0.011,0
3510.0,75.2,36.44,2.26,-0.036,0
3520.0,71.4,36.58,1.77,-0.046,0
3530.0,73.5,36.41,1.92,0.012,0
3540.0,72.0,36.73,1.83,-0.054,0
3550.0,77.5,36.61,2.4,0.08,0
3560.0,70.9,36.82,1.29,-0.063,0
3570.0,71.0,36.73,2.16,0.014,0
3580.0,67.8,36.6,2.73,0.026,0
3590.0,74.0,36.71,2.04,-0.025,0
3600.0,73.0,36.65,1.92,0.008,0
3610.0,68.0,36.59,1.68,0.052,0
3620.0,71.8,36.52,1.59,0.041,0
3630.0,76.6,36.49,1.72,0.04,0
3640.0,81.1,36.64,2.34,-0.013,0
3650.0,71.8,36.58,2.33,-0.028,0
3660.0,74.0,36.82,2.53,0.007,0
3670.0,78.5,36.48,2.2,0.005,0
3680.0,76.3,36.47,1.54,-0.028,0
3690.0,70.9,36.51,2.78,0.062,0
3700.0,76.0,36.65,2.13,-0.01,0
3710.0,76.0,36.69,1.93,0.072,0
3720.0,74.3,36.5,2.08,-0.01,0
3730.0,74.2,36.69,1.89,-0.047,0
3740.0,73.8,36.53,1.77,0.049,0
3750.0,71.9,36.61,1.9,-0.005,0
3760.0,68.9,36.66,1.92,0.049,0
3770.0,76.2,36.6,2.0,0.112,0
3780.0,72.6,36.63,2.07,-0.081,0
3790.0,74.8,36.44,1.98,-0.081,0
3800.0,76.1,36.47,2.0,-0.081,0
3810.0,76.4,36.59,1.94,0.007,0
3820.0,76.6,36.51,1.99,-0.023,0
3830.0,78.9,36.56,1.76,-0.075,0
3840.0,74.2,36.53,2.11,0.011,0
3850.0,76.6,36.47,1.18,-0.0,0
3860.0,77.5,36.56,2.54,-0.006,0
3870.0,72.8,36.64,2.41,-0.002,0
3880.0,77.3,36.56,1.88,0.056,0
3890.0,69.7,36.5,2.17,-0.017,0
3900.0,75.9,36.65,1.6,-0.066,0
3910.0,78.5,36.56,1.8,0.019,0
3920.0,77.9,36.68,2.14,0.058,0
3930.0,76.5,36.54,2.08,0.039,0
3940.0,72.6,36.54,2.06,0.034,0
3950.0,74.9,36.63,1.25,0.08,0
3960.0,77.3,36.67,2.19,0.037,0
3970.0,79.2,36.71,2.13,0.04,0
3980.0,75.8,36.52,1.85,-0.021,0
3990.0,74.5,36.58,1.65,0.011,0
4000.0,77.2,36.55,1.9,0.038,0
4010.0,75.6,36.69,2.22,-0.04,0
4020.0,75.7,36.66,1.79,-0.058,0
4030.0,74.9,36.39,1.0,0.03,0
4040.0,72.7,36.57,2.07,-0.002,0
4050.0,72.7,36.8,1.98,0.138,0
4060.0,72.2,36.56,2.01,0.004,0
4070.0,78.0,36.37,2.46,-0.094,0
4080.0,72.7,36.61,2.12,-0.01,0
4090.0,73.6,36.6,1.88,0.054,0
4100.0,77.1,36.64,2.31,0.017,0
4110.0,74.3,36.44,2.56,0.056,0
4120.0,71.4,36.67,2.14,-0.047,0
4130.0,79.2,36.62,1.66,-0.061,0
4140.0,76.2,36.5,1.78,0.021,0
4150.0,73.0,36.55,1.76,0.034,0
4160.0,78.7,36.43,1.7,-0.112,0
4170.0,75.4,36.62,1.72,-0.022,0
4180.0,76.4,36.76,1.78,0.005,0
4190.0,76.6,36.78,2.12,0.095,0
4200.0,70.7,36.64,1.92,-0.001,0
4210.0,71.4,36.72,2.17,0.011,0
4220.0,69.9,36.69,1.8,-0.039,0
4230.0,70.5,36.57,1.83,0.067,0
4240.0,72.0,36.53,1.82,-0.041,0
4250.0,71.0,36.66,1.95,-0.027,0
4260.0,73.0,36.61,1.81,-0.003,0
4270.0,76.4,36.63,2.43,0.049,0
4280.0,76.0,36.64,2.59,-0.04,0
4290.0,76.5,36.51,2.25,0.032,0
4300.0,74.3,36.73,2.02,0.017,0
4310.0,70.2,36.83,1.69,-0.062,0
4320.0,76.9,36.62,1.54,-0.043,0
4330.0,73.8,36.53,2.06,0.047,0
4340.0,81.6,36.45,1.98,0.004,0
4350.0,75.2,36.62,2.02,0.058,0
4360.0,76.2,36.45,1.6,0.045,0
4370.0,76.5,36.57,2.14,0.031,0
4380.0,78.0,36.58,2.24,-0.006,0
4390.0,70.6,36.64,2.38,0.039,0
4400.0,78.6,36.62,1.75,0.01,0
4410.0,73.9,36.63,2.02,0.051,0
4420.0,70.9,36.37,2.02,-0.018,0
4430.0,73.4,36.53,1.99,0.021,0
4440.0,76.6,36.32,1.97,-0.089,0
4450.0,77.7,36.66,1.68,0.004,0
4460.0,69.0,36.64,2.14,0.038,0
4470.0,76.9,36.55,1.69,-0.035,0
4480.0,74.6,36.47,1.9,-0.017,0
4490.0,78.4,36.65,1.78,0.015,0
4500.0,76.3,36.43,2.62,-0.009,0
4510.0,72.3,36.6,1.72,-0.088,0
4520.0,76.7,36.6,2.08,-0.085,0
4530.0,76.4,36.58,1.62,-0.045,0
4540.0,79.7,36.56,2.46,-0.048,0
4550.0,73.3,36.56,2.23,0.012,0
4560.0,75.5,36.7,2.18,-0.068,0
4570.0,77.9,36.49,2.3,0.022,0
4580.0,76.7,36.56,1.68,-0.008,0
4590.0,75.9,36.66,1.85,-0.034,0
4600.0,74.0,36.68,1.46,-0.014,0
4610.0,72.9,36.65,2.32,-0.081,0
4620.0,76.0,36.69,1.71,0.048,0
4630.0,72.0,36.66,2.35,-0.038,0
4640.0,74.2,36.71,1.29,0.024,0
4650.0,80.4,36.3,2.32,0.041,0
4660.0,74.8,36.64,2.07,-0.027,0
4670.0,78.7,36.6,2.12,-0.048,0
4680.0,68.0,36.48,2.55,0.032,0
4690.0,73.7,36.66,2.13,-0.09,0
4700.0,77.5,36.41,1.81,-0.049,0
4710.0,75.6,36.62,1.1,0.062,0
4720.0,75.2,36.7,2.01,0.009,0
4730.0,70.7,36.52,1.94,0.035,0
4740.0,73.6,36.53,1.73,0.018,0
4750.0,74.7,36.51,1.94,-0.038,0
4760.0,72.1,36.44,1.59,-0.003,0
4770.0,68.9,36.52,2.19,0.049,0
4780.0,76.1,36.68,2.01,-0.053,0
4790.0,77.1,36.65,1.84,-0.031,0
4800.0,74.9,36.71,1.89,-0.152,0
4810.0,76.3,36.49,2.13,0.02,0
4820.0,79.6,36.59,2.15,0.007,0
4830.0,77.6,36.24,1.8,-0.012,0
4840.0,75.1,36.48,2.09,0.044,0
4850.0,72.9,36.5,2.12,0.008,0
4860.0,75.7,36.45,2.82,-0.123,0
4870.0,77.6,36.53,2.91,0.022,0
4880.0,78.2,36.65,1.27,0.006,0
4890.0,76.1,36.65,2.35,0.011,0
4900.0,77.4,36.52,1.47,-0.046,0
4910.0,72.8,36.51,1.63,-0.048,0
4920.0,73.7,36.5,2.77,-0.07,0
4930.0,76.3,36.55,2.16,-0.012,0
4940.0,77.6,36.56,2.03,-0.11,0
4950.0,70.9,36.44,2.45,0.047,0
4960.0,75.6,36.7,1.7,0.074,0
4970.0,75.3,36.58,2.3,0.048,0
4980.0,70.7,36.69,1.95,0.014,0
4990.0,73.8,36.49,1.59,-0.031,0
5000.0,76.3,36.63,2.06,0.04,0
5010.0,74.8,36.79,2.11,-0.049,0
5020.0,71.0,36.63,1.94,-0.058,0
5030.0,74.5,36.54,1.87,0.068,0
5040.0,77.2,36.7,2.52,0.006,0
5050.0,75.8,36.63,2.33,0.053,0
5060.0,73.2,36.49,1.68,0.003,0
5070.0,71.3,36.64,1.36,0.094,0
5080.0,70.9,36.53,1.83,0.073,0
5090.0,75.0,36.49,1.98,0.002,0
5100.0,76.2,36.49,2.27,0.007,0
5110.0,79.4,36.58,1.98,-0.008,0
5120.0,78.8,36.67,1.78,0.134,0
5130.0,73.1,36.55,2.29,-0.008,0
5140.0,71.8,36.72,2.6,-0.051,0
5150.0,78.7,36.55,1.38,0.033,0
5160.0,69.4,36.53,1.92,-0.002,0
5170.0,78.3,36.54,2.42,-0.005,0
5180.0,71.7,36.66,2.54,-0.023,0
5190.0,71.9,36.54,1.48,0.015,0
5200.0,70.3,36.66,1.92,0.035,0
5210.0,74.2,36.65,1.7,0.014,0
5220.0,73.0,36.66,1.96,0.055,0
5230.0,74.2,36.53,2.04,0.117,0
5240.0,78.2,36.52,2.0,-0.033,0
5250.0,72.4,36.6,1.92,-0.052,0
5260.0,73.0,36.61,1.83,-0.001,0
5270.0,72.9,36.65,1.79,0.032,0
5280.0,74.1,36.39,1.92,0.025,0
5290.0,73.3,36.58,2.19,0.076,0
5300.0,78.5,36.61,2.17,0.005,0
5310.0,70.5,36.73,2.39,-0.084,0
5320.0,73.9,36.75,2.07,-0.05,0
5330.0,78.7,36.61,2.39,0.004,0
5340.0,68.5,36.78,1.67,-0.022,0
5350.0,78.6,36.83,1.98,0.018,0
5360.0,71.4,36.57,2.33,0.015,0
5370.0,80.2,36.46,1.57,-0.034,0
5380.0,73.1,36.7,1.88,-0.059,0
5390.0,76.2,36.52,1.67,0.053,0
5400.0,78.9,36.7,1.75,-0.029,0
5410.0,76.6,36.67,1.93,0.06,0
5420.0,68.9,36.54,2.66,-0.001,0
5430.0,73.6,36.65,1.71,-0.117,0
5440.0,84.0,36.51,2.07,0.009,0
5450.0,76.5,36.52,1.23,-0.033,0
5460.0,75.1,36.61,2.47,-0.014,0
5470.0,75.6,36.52,1.82,0.1,0
5480.0,72.9,36.56,2.33,0.095,0
5490.0,77.4,36.68,1.62,0.026,0
5500.0,74.1,36.65,1.92,-0.029,0
5510.0,70.6,36.59,2.05,-0.104,0
5520.0,73.2,36.57,2.17,-0.029,0
5530.0,76.9,36.63,2.26,-0.026,0
5540.0,74.2,36.66,1.69,-0.003,0
5550.0,78.0,36.53,2.1,-0.0,0
5560.0,79.4,36.61,2.16,-0.008,0
5570.0,73.4,36.62,1.83,0.052,0
5580.0,78.5,36.61,1.87,0.011,0
5590.0,71.2,36.52,1.67,-0.037,0
5600.0,73.2,36.47,1.92,-0.01,0
5610.0,76.7,36.61,2.42,0.029,0
5620.0,82.0,36.49,2.3,-0.078,0
5630.0,78.2,36.64,1.93,0.011,0
5640.0,73.5,36.54,2.13,-0.081,0
5650.0,76.0,36.59,1.9,-0.025,0
5660.0,75.7,36.7,2.67,0.056,0
5670.0,77.5,36.52,1.82,-0.0,0
5680.0,76.3,36.55,2.36,-0.034,0
5690.0,71.2,36.7,2.07,-0.014,0
5700.0,70.9,36.7,2.71,0.025,0
5710.0,73.1,36.62,2.17,0.025,0
5720.0,72.6,36.55,1.78,0.018,0
5730.0,74.8,36.72,2.07,0.036,0
5740.0,74.2,36.42,2.4,0.006,0
5750.0,76.2,36.68,2.08,-0.093,0
5760.0,73.9,36.55,1.87,-0.01,0
5770.0,75.2,36.79,2.16,0.036,0
5780.0,73.6,36.75,2.04,-0.001,0
5790.0,69.6,36.67,2.28,0.045,0
5800.0,70.8,36.69,1.91,-0.063,0
5810.0,81.5,36.75,2.2,0.026,0
5820.0,79.7,36.55,2.74,0.002,0
5830.0,78.0,36.65,1.7,0.001,0
5840.0,79.5,36.52,2.41,0.033,0
5850.0,71.1,36.6,1.99,-0.051,0
5860.0,75.9,36.46,2.26,-0.044,0
5870.0,74.1,36.6,2.45,-0.063,0
5880.0,73.5,36.62,1.98,0.005,0
5890.0,74.4,36.63,1.41,0.071,0
5900.0,74.8,36.87,1.9,0.052,0
5910.0,72.8,36.6,1.7,-0.016,0
5920.0,72.8,36.65,2.5,0.023,0
5930.0,83.6,36.67,1.72,0.121,0
5940.0,77.7,36.46,1.99,0.04,0
5950.0,76.7,36.68,2.31,-0.03,0
5960.0,76.5,36.62,1.92,0.042,0
5970.0,75.6,36.71,2.09,-0.016,0
5980.0,75.5,36.67,2.01,-0.022,0
5990.0,75.5,36.74,2.2,0.018,0
6000.0,74.4,36.62,1.71,-0.009,0
6010.0,76.6,36.61,1.89,-0.061,0
6020.0,74.6,36.53,1.99,0.014,0
6030.0,79.3,36.69,2.07,0.105,0
6040.0,76.2,36.53,1.94,0.129,0
6050.0,72.8,36.57,2.3,-0.044,0
6060.0,78.1,36.72,2.09,0.083,0
6070.0,74.5,36.69,1.29,0.034,0
6080.0,79.1,36.68,1.89,-0.075,0
6090.0,78.5,36.52,1.79,-0.013,0
6100.0,77.0,36.72,2.61,0.008,0
6110.0,76.0,36.65,1.87,0.037,0
6120.0,73.4,36.72,1.72,0.047,0
6130.0,77.9,36.45,2.12,0.081,0
6140.0,75.9,36.61,1.87,0.029,0
6150.0,74.2,36.66,2.25,0.018,0
6160.0,78.6,36.65,1.91,-0.087,0
6170.0,73.8,36.59,2.19,-0.09,0
6180.0,69.9,36.42,2.0,-0.062,0
6190.0,76.6,36.57,1.55,0.055,0
6200.0,75.2,36.72,2.03,0.081,0
6210.0,77.1,36.47,1.87,-0.029,0
6220.0,68.5,36.7,2.16,0.077,0
6230.0,70.4,36.49,1.73,0.079,0
6240.0,79.5,36.48,2.14,0.036,0
6250.0,74.9,36.81,1.28,-0.094,0
6260.0,75.6,36.49,2.29,-0.076,0
6270.0,77.1,36.61,2.57,-0.038,0
6280.0,80.0,36.68,1.73,-0.044,0
6290.0,78.5,36.62,1.97,0.09,0
6300.0,77.5,36.52,1.85,0.023,0
6310.0,75.8,36.68,2.26,0.079,0
6320.0,73.8,36.84,2.29,0.015,0
6330.0,74.6,36.64,1.47,-0.005,0
6340.0,79.0,36.56,1.43,-0.066,0
6350.0,74.1,36.63,1.75,-0.068,0
6360.0,72.8,36.79,2.79,0.026,0
6370.0,75.8,36.71,1.59,-0.028,0
6380.0,68.7,36.65,1.99,-0.039,0
6390.0,80.8,36.72,1.99,-0.04,0
6400.0,75.9,36.61,1.85,-0.049,0
6410.0,75.7,36.62,1.68,-0.098,0
6420.0,74.0,36.46,1.76,-0.028,0
6430.0,76.4,36.54,2.08,-0.045,0
6440.0,76.0,36.57,2.09,0.065,0
6450.0,74.4,36.58,2.13,0.026,0
6460.0,67.9,36.49,2.07,0.082,0
6470.0,70.6,36.54,2.07,-0.049,0
6480.0,76.6,36.67,2.13,0.01,0
6490.0,72.0,36.57,2.38,0.018,0
6500.0,68.0,36.68,2.12,-0.017,0
6510.0,74.4,36.54,2.02,0.0,0
6520.0,74.3,36.63,1.96,0.05,0
6530.0,77.5,36.47,2.11,-0.014,0
6540.0,72.1,36.63,2.12,0.138,0
6550.0,68.3,36.55,2.75,-0.038,0
6560.0,76.1,36.62,2.03,-0.028,0
6570.0,73.5,36.63,1.94,0.015,0
6580.0,76.4,36.7,2.32,0.009,0
6590.0,71.6,36.73,2.1,0.042,0
6600.0,76.4,36.58,1.91,0.081,0
6610.0,75.4,36.6,1.77,-0.012,0
6620.0,78.0,36.61,2.41,0.019,0
6630.0,75.5,36.56,2.03,-0.04,0
6640.0,77.0,36.6,1.94,-0.011,0
6650.0,77.2,36.54,2.32,-0.019,0
6660.0,77.0,36.56,1.84,0.076,0
6670.0,77.1,36.61,1.57,0.022,0
6680.0,78.1,36.62,2.01,0.01,0
6690.0,76.3,36.54,2.0,0.007,0
6700.0,77.9,36.39,2.3,-0.076,0
6710.0,73.1,36.6,2.22,0.056,0
6720.0,73.0,36.66,1.75,-0.056,0
6730.0,79.7,36.75,1.91,-0.07,0
6740.0,71.7,36.71,2.13,-0.053,0
6750.0,75.5,36.52,1.54,-0.053,0
6760.0,78.2,36.43,1.96,-0.055,0
6770.0,78.6,36.58,2.31,-0.036,0
6780.0,75.6,36.53,1.59,-0.042,0
6790.0,73.7,36.47,2.24,-0.043,0
6800.0,78.1,36.52,1.89,-0.041,0
6810.0,75.0,36.52,1.73,0.074,0
6820.0,78.6,36.8,1.96,-0.094,0
6830.0,74.8,36.52,1.86,-0.002,0
6840.0,80.2,36.61,2.62,-0.034,0
6850.0,79.4,36.62,1.38,0.009,0
6860.0,77.1,36.44,1.92,-0.026,0
6870.0,77.9,36.56,1.88,-0.044,0
6880.0,72.1,36.5,1.64,-0.062,0
6890.0,79.5,36.74,2.34,0.004,0
6900.0,73.7,36.65,2.44,0.011,0
6910.0,73.8,36.66,3.01,-0.04,0
6920.0,71.9,36.72,2.31,-0.052,0
6930.0,75.9,36.57,1.63,-0.06,0
6940.0,73.3,36.62,2.21,-0.02,0
6950.0,74.2,36.66,1.91,-0.013,0
6960.0,78.5,36.56,1.82,-0.03,0
6970.0,74.5,36.73,2.13,-0.006,0
6980.0,74.7,36.68,1.97,-0.006,0
6990.0,76.0,36.53,2.59,0.094,0
7000.0,75.3,36.59,1.73,0.004,0
7010.0,72.0,36.58,2.22,0.052,0
7020.0,79.4,36.65,1.74,0.074,0
7030.0,77.9,36.56,1.7,0.01,0
7040.0,78.9,36.56,2.05,0.03,0
7050.0,70.7,36.54,2.49,-0.096,0
7060.0,78.6,36.72,2.13,0.007,0
7070.0,70.1,36.65,1.87,0.061,0
7080.0,76.0,36.45,1.77,-0.078,0
7090.0,71.0,36.69,1.93,-0.036,0
7100.0,74.9,36.56,2.05,0.106,0
7110.0,74.9,36.71,1.43,-0.019,0
7120.0,71.3,36.62,2.23,0.044,0
7130.0,74.6,36.72,2.1,0.029,0
7140.0,73.6,36.55,1.91,0.064,0
7150.0,73.6,36.45,1.94,-0.03,0
7160.0,78.1,36.62,2.14,0.054,0
7170.0,75.9,36.5,2.12,0.061,0
7180.0,75.0,36.61,1.85,0.01,0
7190.0,76.4,36.72,2.53,0.026,0
7200.0,79.4,36.58,2.63,0.129,1
7210.0,75.7,36.43,2.13,0.023,1
7220.0,68.9,36.55,1.25,-0.05,1
7230.0,71.8,36.74,2.48,-0.003,1
7240.0,75.3,36.62,2.19,-0.045,1
7250.0,71.1,36.57,1.64,0.058,1
7260.0,77.4,36.74,2.57,-0.015,1
7270.0,76.6,36.79,2.14,-0.04,1
7280.0,75.6,36.5,1.65,-0.014,1
7290.0,73.4,36.64,1.82,0.023,1
7300.0,69.2,36.73,2.25,-0.112,1
7310.0,77.2,36.66,2.72,-0.004,1
7320.0,79.9,36.64,1.4,-0.024,1
7330.0,75.6,36.71,2.47,-0.005,1
7340.0,70.7,36.47,2.51,0.006,1
7350.0,76.8,36.63,1.91,-0.002,1
7360.0,83.1,36.74,1.85,0.093,1
7370.0,81.0,36.59,1.88,0.075,1
7380.0,77.8,36.56,2.85,-0.084,1
7390.0,79.1,36.62,2.15,-0.098,1
7400.0,79.5,36.72,2.45,0.061,1
7410.0,79.4,36.58,2.2,-0.045,1
7420.0,77.5,36.69,1.96,-0.03,1
7430.0,75.9,36.73,2.08,0.015,1
7440.0,75.3,36.58,2.0,-0.063,1
7450.0,72.9,36.67,2.35,0.057,1
7460.0,76.6,36.7,2.71,0.051,1
7470.0,81.5,36.83,2.82,-0.047,1
7480.0,76.5,36.62,2.24,0.005,1
7490.0,76.8,36.57,2.53,-0.025,1
7500.0,82.4,36.83,1.7,0.031,1
7510.0,76.4,36.81,2.2,0.07,1
7520.0,75.7,36.77,2.39,0.008,1
7530.0,81.4,36.62,2.74,0.018,1
7540.0,78.2,36.8,2.16,0.004,1
7550.0,80.4,36.75,2.44,0.023,1
7560.0,70.6,36.81,2.21,-0.006,1
7570.0,76.0,36.72,2.03,-0.029,1
7580.0,76.1,36.83,2.39,0.05,1
7590.0,81.6,36.78,1.86,-0.048,1
7600.0,83.4,36.81,2.29,-0.003,1
7610.0,83.6,36.79,1.83,0.024,1
7620.0,82.5,36.74,2.51,0.01,1
7630.0,75.3,36.84,2.39,0.015,1
7640.0,77.2,36.68,2.87,-0.031,1
7650.0,86.4,36.93,2.26,-0.056,1
7660.0,83.9,36.71,2.74,-0.025,1
7670.0,76.4,36.7,2.52,-0.029,1
7680.0,83.0,36.93,2.25,0.034,1
7690.0,77.7,36.86,2.89,0.033,1
7700.0,78.8,36.78,2.37,-0.055,1
7710.0,68.9,36.87,2.94,-0.011,1
7720.0,85.6,36.79,2.85,0.115,1
7730.0,76.3,36.94,1.76,-0.077,1
7740.0,80.9,36.73,2.02,-0.055,1
7750.0,83.7,36.81,2.57,-0.038,1
7760.0,83.6,36.83,2.49,-0.044,1
7770.0,79.2,36.83,2.25,0.007,1
7780.0,75.6,36.88,2.4,0.068,1
7790.0,82.6,37.04,2.09,-0.029,1
7800.0,72.6,36.84,2.03,-0.017,1
7810.0,79.4,36.85,2.77,0.081,1
7820.0,86.5,36.79,2.47,0.064,1
7830.0,87.1,36.66,2.58,-0.087,1
7840.0,85.9,36.95,2.27,0.006,1
7850.0,78.8,36.96,2.53,-0.054,1
7860.0,80.0,36.81,2.55,-0.01,1
7870.0,87.1,37.08,2.72,-0.034,1
7880.0,86.9,36.9,1.96,0.074,1
7890.0,81.9,36.8,3.55,-0.031,1
7900.0,83.7,36.93,2.3,0.014,1
7910.0,77.5,36.83,2.73,0.01,1
7920.0,84.5,36.93,2.6,-0.012,1
7930.0,82.0,36.84,3.37,0.028,1
7940.0,77.2,36.99,2.73,0.066,1
7950.0,78.2,36.99,2.59,-0.002,1
7960.0,85.9,37.0,2.93,0.041,1
7970.0,83.0,36.99,3.0,-0.126,1
7980.0,81.2,37.04,2.6,0.002,1
7990.0,85.2,37.09,3.04,0.026,1
8000.0,84.5,36.99,2.3,-0.005,1
8010.0,86.3,37.0,2.8,-0.092,1
8020.0,85.0,36.9,2.72,0.017,1
8030.0,85.1,36.97,2.78,-0.026,1
8040.0,90.9,36.96,2.55,-0.047,1
8050.0,77.4,36.98,3.43,-0.027,1
8060.0,85.8,37.06,3.02,-0.098,1
8070.0,79.6,36.99,2.3,0.059,1
8080.0,81.3,37.04,2.45,-0.052,1
8090.0,81.6,36.79,2.41,0.014,1
8100.0,82.7,37.02,2.8,-0.042,1
8110.0,81.8,36.8,3.32,0.034,1
8120.0,92.6,36.87,3.34,0.024,1
8130.0,74.9,37.01,2.97,0.093,1
8140.0,85.6,37.08,2.45,-0.087,1
8150.0,85.2,37.05,2.28,-0.017,1
8160.0,83.1,37.15,2.16,-0.009,1
8170.0,83.9,37.17,2.74,0.166,1
8180.0,79.3,37.09,2.7,-0.041,1
8190.0,83.8,37.3,3.02,-0.027,1
8200.0,81.7,37.0,3.25,-0.008,1
8210.0,89.1,37.02,2.87,-0.035,1
8220.0,81.1,37.07,3.0,0.065,1
8230.0,84.5,37.04,3.03,-0.035,1
8240.0,83.4,37.11,2.5,0.046,1
8250.0,83.2,36.91,3.64,0.007,1
8260.0,82.1,37.16,2.7,0.018,1
8270.0,86.7,36.96,2.33,-0.088,1
8280.0,84.2,37.25,3.17,0.069,1
8290.0,89.2,36.98,2.93,0.012,1
8300.0,83.4,37.13,2.79,0.0,1
8310.0,80.9,37.02,1.94,-0.026,1
8320.0,86.9,37.02,2.88,0.006,1
8330.0,85.9,37.39,2.24,-0.1,1
8340.0,80.0,37.37,3.05,-0.077,1
8350.0,90.5,37.07,3.17,-0.037,1
8360.0,81.2,37.06,3.05,0.056,1
8370.0,86.0,37.04,3.15,0.089,1
8380.0,79.2,37.13,3.0,0.062,1
8390.0,85.8,37.11,3.33,0.02,1
8400.0,89.3,37.04,2.87,0.051,1
8410.0,83.3,37.04,2.91,-0.042,1
8420.0,84.6,37.28,3.24,0.042,1
8430.0,78.7,37.11,2.57,-0.076,1
8440.0,82.4,37.38,2.44,-0.017,1
8450.0,82.4,37.17,3.1,0.019,1
8460.0,82.2,37.19,2.57,0.049,1
8470.0,87.3,37.01,2.76,0.033,1
8480.0,87.9,37.21,3.18,-0.027,1
8490.0,84.6,37.14,3.06,-0.068,1
8500.0,92.0,37.17,3.55,0.003,1
8510.0,84.9,37.28,3.05,0.033,1
8520.0,90.4,37.27,3.26,0.006,1
8530.0,90.0,36.91,3.28,0.03,1
8540.0,85.5,37.12,3.11,-0.03,1
8550.0,80.2,37.16,3.02,-0.07,1
8560.0,93.7,37.18,2.39,-0.015,1
8570.0,92.4,37.24,2.95,0.059,1
8580.0,84.9,37.08,3.29,-0.002,1
8590.0,88.4,37.19,3.12,0.007,1
8600.0,91.7,37.34,2.83,-0.023,1
8610.0,90.3,37.34,3.64,0.013,1
8620.0,84.5,37.26,2.77,-0.002,1
8630.0,93.1,37.16,2.88,0.029,1
8640.0,88.1,37.13,3.49,0.053,1
8650.0,88.0,37.23,2.82,0.026,1
8660.0,93.6,37.28,3.59,0.041,1
8670.0,87.2,37.47,3.39,0.008,1
8680.0,93.2,37.33,3.71,-0.05,1
8690.0,90.0,37.26,3.56,-0.008,1
8700.0,88.9,37.18,3.34,0.002,1
8710.0,94.5,37.18,2.88,0.03,1
8720.0,83.2,37.27,3.6,-0.047,1
8730.0,83.0,37.1,3.04,0.136,1
8740.0,88.3,37.43,3.64,-0.06,1
8750.0,82.2,37.29,3.36,0.008,1
8760.0,88.6,37.19,3.63,0.033,1
8770.0,89.6,37.47,3.74,0.044,1
8780.0,93.4,37.28,3.4,-0.04,1
8790.0,89.9,37.5,3.27,0.002,1
8800.0,85.3,37.22,3.42,-0.044,1
8810.0,91.6,37.26,3.13,-0.026,1
8820.0,84.0,37.22,3.54,0.064,1
8830.0,90.1,37.25,3.55,0.03,1
8840.0,95.4,37.27,3.56,0.117,1
8850.0,89.4,37.26,3.29,-0.024,1
8860.0,92.3,37.34,3.47,-0.047,1
8870.0,89.1,37.42,3.32,-0.027,1
8880.0,90.7,37.22,3.55,0.009,1
8890.0,84.6,37.37,2.99,-0.029,1
8900.0,85.4,37.36,3.12,-0.057,1
8910.0,88.5,37.44,4.05,-0.048,1
8920.0,91.7,37.23,2.42,-0.004,1
8930.0,90.3,37.36,3.16,0.007,1
8940.0,98.7,37.38,3.01,-0.056,1
8950.0,90.5,37.32,3.62,0.011,1
8960.0,91.0,37.38,4.2,-0.175,1
8970.0,90.9,37.35,3.11,-0.001,1
8980.0,90.8,37.41,3.26,-0.085,1
8990.0,87.1,37.37,3.31,0.045,1
9000.0,80.6,37.24,3.28,0.01,1
9010.0,77.0,36.58,2.16,0.023,0
9020.0,75.9,36.51,2.08,0.022,0
9030.0,73.0,36.63,1.56,0.027,0
9040.0,75.9,36.75,2.58,-0.013,0
9050.0,76.5,36.63,1.92,-0.089,0
9060.0,71.6,36.55,2.08,0.069,0
9070.0,74.7,36.7,2.43,-0.029,0
9080.0,70.8,36.6,1.6,0.091,0
9090.0,78.5,36.74,1.48,-0.018,0
9100.0,75.2,36.64,1.89,-0.13,0
9110.0,76.4,36.78,2.6,-0.013,0
9120.0,75.2,36.5,2.02,-0.021,0
9130.0,73.4,36.45,2.46,-0.012,0
9140.0,73.6,36.62,1.83,-0.105,0
9150.0,78.9,36.6,2.24,0.01,0
9160.0,77.8,36.67,1.33,0.022,0
9170.0,72.3,36.51,1.49,0.09,0
9180.0,74.6,36.56,1.77,0.117,0
9190.0,78.0,36.36,2.41,-0.046,0
9200.0,77.0,36.56,1.48,-0.026,0
9210.0,75.7,36.63,1.89,0.003,0
9220.0,75.4,36.69,2.39,0.0,0
9230.0,71.0,36.66,2.2,0.045,0
9240.0,72.1,36.68,2.09,0.029,0
9250.0,72.7,36.41,1.59,0.044,0
9260.0,80.1,36.68,1.63,-0.002,0
9270.0,75.9,36.6,2.05,-0.053,0
9280.0,70.5,36.5,1.63,0.006,0
9290.0,75.7,36.46,1.97,0.092,0
9300.0,75.4,36.56,2.26,0.119,0
9310.0,75.6,36.54,2.04,0.069,0
9320.0,74.8,36.6,2.43,0.006,0
9330.0,80.2,36.46,2.14,0.099,0
9340.0,82.4,36.56,1.92,0.097,0
9350.0,74.0,36.55,1.85,-0.044,0
9360.0,71.8,36.58,1.51,-0.03,0
9370.0,79.7,36.69,1.83,0.013,0
9380.0,74.7,36.53,1.31,-0.044,0
9390.0,74.1,36.85,2.19,-0.005,0
9400.0,76.5,36.63,1.79,-0.003,0
9410.0,74.0,36.45,1.83,-0.005,0
9420.0,76.4,36.6,2.29,-0.01,0
9430.0,78.9,36.62,2.14,0.015,0
9440.0,73.6,36.67,1.83,-0.047,0
9450.0,75.8,36.59,1.77,0.005,0
9460.0,77.1,36.58,2.48,0.058,0
9470.0,73.8,36.49,1.97,0.023,0
9480.0,70.0,36.43,1.63,0.057,0
9490.0,79.3,36.49,1.58,0.012,0
9500.0,75.4,36.48,1.7,-0.033,0
9510.0,73.7,36.63,1.3,0.095,0
9520.0,76.1,36.61,1.81,-0.042,0
9530.0,72.6,36.55,2.12,0.057,0
9540.0,70.8,36.56,2.04,0.011,0
9550.0,73.3,36.56,1.93,-0.059,0
9560.0,72.2,36.41,2.33,0.028,0
9570.0,70.9,36.49,1.59,-0.047,0
9580.0,75.7,36.89,1.87,0.024,0
9590.0,74.6,36.62,1.91,0.058,0
9600.0,76.8,36.6,2.19,0.047,0
9610.0,72.8,36.65,2.26,0.023,0
9620.0,77.1,36.61,2.16,0.076,0
9630.0,72.0,36.6,1.77,-0.03,0
9640.0,76.5,36.43,1.66,0.061,0
9650.0,71.0,36.74,2.0,-0.004,0
9660.0,73.0,36.57,2.07,-0.011,0
9670.0,72.4,36.66,2.37,-0.08,0
9680.0,81.6,36.63,2.15,0.075,0
9690.0,68.7,36.44,1.39,-0.062,0
9700.0,76.8,36.48,1.72,-0.038,0
9710.0,74.5,36.58,1.75,-0.053,0
9720.0,74.1,36.6,2.42,-0.05,0
9730.0,74.6,36.4,2.33,-0.008,0
9740.0,77.3,36.72,2.13,0.006,0
9750.0,69.2,36.58,1.7,-0.056,0
9760.0,69.2,36.58,1.73,-0.04,0
9770.0,71.9,36.73,1.67,-0.021,0
9780.0,74.4,36.58,2.52,-0.102,0
9790.0,75.7,36.69,2.08,0.107,0
9800.0,79.0,36.53,1.94,0.038,0
9810.0,74.6,36.59,2.6,0.05,0
9820.0,81.2,36.59,2.04,0.017,0
9830.0,77.1,36.57,1.72,-0.041,0
9840.0,74.6,36.44,2.11,-0.114,0
9850.0,70.3,36.72,2.02,0.021,0
9860.0,75.9,36.79,2.36,0.084,0
9870.0,73.4,36.59,1.57,0.047,0
9880.0,77.2,36.53,1.83,0.022,0
9890.0,74.3,36.53,1.88,-0.02,0
9900.0,76.2,36.58,1.14,-0.005,0
9910.0,72.9,36.67,2.05,-0.035,0
9920.0,73.0,36.62,1.99,-0.017,0
9930.0,74.6,36.64,1.5,0.071,0
9940.0,73.6,36.71,2.62,0.028,0
9950.0,69.2,36.48,2.13,-0.034,0
9960.0,79.4,36.53,2.17,-0.005,0
9970.0,75.1,36.66,1.06,-0.002,0
9980.0,77.7,36.48,2.2,-0.011,0
9990.0,73.0,36.58,2.42,0.009,0
10000.0,71.2,36.63,2.01,0.057,0
10010.0,74.8,36.71,2.02,0.02,0
10020.0,72.8,36.66,2.61,0.086,0
10030.0,71.7,36.43,2.11,-0.012,0
10040.0,72.5,36.81,2.93,-0.091,0
10050.0,72.7,36.47,1.75,0.056,0
10060.0,75.8,36.68,2.4,0.017,0
10070.0,72.2,36.65,1.97,-0.008,0
10080.0,72.5,36.7,2.15,0.042,0
10090.0,72.2,36.71,2.1,0.048,0
10100.0,72.6,36.62,2.35,0.029,0
10110.0,74.7,36.65,1.71,0.034,0
10120.0,77.7,36.65,1.98,0.018,0
10130.0,74.9,36.58,2.23,0.079,0
10140.0,75.6,36.55,1.71,-0.033,0
10150.0,81.6,36.76,2.29,0.064,0
10160.0,73.4,36.7,2.34,-0.004,0
10170.0,71.4,36.46,2.12,-0.024,0
10180.0,76.0,36.57,1.67,0.088,0
10190.0,71.8,36.53,2.0,0.007,0
10200.0,70.3,36.68,2.2,0.11,0
10210.0,75.9,36.59,1.72,-0.064,0
10220.0,74.4,36.47,2.25,-0.021,0
10230.0,78.7,36.63,2.1,-0.049,0
10240.0,76.9,36.64,1.42,0.064,0
10250.0,77.6,36.52,2.28,-0.021,0
10260.0,73.1,36.64,2.3,0.076,0
10270.0,80.3,36.44,1.47,-0.021,0
10280.0,72.3,36.85,2.08,-0.011,0
10290.0,73.4,36.62,1.36,0.045,0
10300.0,79.2,36.43,2.17,0.022,0
10310.0,76.6,36.65,1.68,-0.007,0
10320.0,77.6,36.43,2.03,0.029,0
10330.0,73.9,36.65,2.01,-0.011,0
10340.0,73.7,36.73,1.96,-0.043,0
10350.0,71.2,36.45,1.56,-0.023,0
10360.0,74.6,36.57,1.75,-0.027,0
10370.0,77.0,36.7,2.51,0.002,0
10380.0,79.0,36.61,2.43,0.029,0
10390.0,75.1,36.4,1.96,-0.041,0
10400.0,73.9,36.73,2.13,0.05,0
10410.0,76.7,36.5,2.58,-0.009,0
10420.0,78.1,36.76,1.59,-0.005,0
10430.0,77.1,36.57,2.82,0.013,0
10440.0,76.9,36.78,1.59,-0.022,0
10450.0,72.1,36.64,2.49,-0.052,0
10460.0,70.8,36.62,2.41,-0.039,0
10470.0,72.0,36.76,1.94,0.032,0
10480.0,79.1,36.65,2.01,-0.048,0
10490.0,73.4,36.63,2.37,-0.024,0
10500.0,73.2,36.65,1.77,0.022,0
10510.0,72.4,36.63,1.9,0.006,0
10520.0,77.4,36.59,2.12,-0.035,0
10530.0,73.4,36.49,1.98,0.015,0
10540.0,76.2,36.77,2.14,-0.022,0
10550.0,82.0,36.52,2.06,0.056,0
10560.0,76.7,36.39,2.2,-0.027,0
10570.0,72.7,36.43,2.05,-0.023,0
10580.0,76.0,36.51,3.07,-0.02,0
10590.0,78.5,36.71,2.29,-0.043,0
10600.0,80.8,36.63,2.12,-0.004,0
10610.0,75.0,36.6,1.54,0.013,0
10620.0,77.4,36.54,1.97,-0.085,0
10630.0,78.3,36.76,2.07,0.018,0
10640.0,75.9,36.67,2.08,0.051,0
10650.0,77.1,36.68,2.12,0.036,0
10660.0,72.7,36.41,1.98,0.093,0
10670.0,77.0,36.67,1.7,0.022,0
10680.0,71.7,36.6,1.92,0.023,0
10690.0,75.1,36.69,2.31,0.061,0
10700.0,84.1,36.52,1.88,-0.019,0
10710.0,69.2,36.63,1.97,0.058,0
10720.0,77.7,36.64,2.08,-0.028,0
10730.0,75.6,36.64,1.99,-0.001,0
10740.0,75.4,36.62,2.27,-0.131,0
10750.0,75.8,36.63,2.25,-0.005,0
10760.0,68.7,36.42,1.38,0.051,0
10770.0,70.7,36.73,1.89,-0.011,0
10780.0,80.2,36.63,1.59,0.006,0
10790.0,77.9,36.55,2.55,-0.062,0
10800.0,68.7,36.77,1.75,-0.049,0
10810.0,73.5,36.5,2.27,-0.023,0
10820.0,71.4,36.57,1.73,-0.002,0
10830.0,72.1,36.58,1.95,0.093,0
10840.0,78.5,36.62,1.91,-0.016,0
10850.0,75.4,36.52,1.89,-0.013,0
10860.0,74.9,36.62,2.22,0.046,0
10870.0,76.6,36.77,2.2,-0.003,0
10880.0,74.8,36.69,1.93,0.02,0
10890.0,76.5,36.35,1.55,0.044,0
10900.0,76.3,36.32,1.19,0.073,0
10910.0,76.9,36.74,1.71,-0.031,0
10920.0,80.5,36.64,2.03,-0.008,0
10930.0,69.8,36.71,1.41,0.033,0
10940.0,75.2,36.63,1.82,0.073,0
10950.0,73.3,36.6,2.0,-0.017,0
10960.0,76.2,36.67,1.97,0.031,0
10970.0,76.9,36.64,2.45,0.081,0
10980.0,73.8,36.57,2.21,-0.003,0
10990.0,75.9,36.48,1.92,0.004,0
11000.0,72.3,36.43,2.38,-0.077,0
11010.0,79.7,36.71,2.09,0.023,0
11020.0,77.2,36.56,1.89,-0.01,0
11030.0,76.0,36.53,1.85,0.1,0
11040.0,75.9,36.48,2.26,-0.014,0
11050.0,73.2,36.84,2.02,-0.04,0
11060.0,73.3,36.61,2.04,0.023,0
11070.0,69.9,36.49,1.94,-0.027,0
11080.0,71.8,36.64,2.14,0.086,0
11090.0,77.1,36.65,1.95,0.136,0
11100.0,74.0,36.57,2.29,-0.08,0
11110.0,74.8,36.61,1.88,0.052,0
11120.0,76.5,36.63,2.02,-0.018,0
11130.0,68.8,36.65,2.29,-0.0,0
11140.0,70.5,36.55,1.86,-0.023,0
11150.0,76.5,36.47,1.94,-0.008,0
11160.0,79.5,36.64,1.87,0.069,0
11170.0,71.4,36.53,1.45,0.079,0
11180.0,75.6,36.58,2.37,-0.029,0
11190.0,73.7,36.71,1.83,-0.024,0
11200.0,75.2,36.63,2.22,-0.011,0
11210.0,70.0,36.64,2.06,0.009,0
11220.0,72.7,36.41,1.99,-0.047,0
11230.0,76.7,36.67,1.54,-0.035,0
11240.0,80.1,36.56,2.06,0.044,0
11250.0,75.7,36.71,2.28,0.067,0
11260.0,75.5,36.56,1.61,0.021,0
11270.0,78.7,36.53,1.81,-0.018,0
11280.0,72.3,36.61,1.85,-0.06,0
11290.0,72.5,36.74,2.03,0.072,0
11300.0,73.4,36.46,1.92,0.082,0
11310.0,68.0,36.43,1.91,0.053,0
11320.0,71.9,36.62,1.98,0.06,0
11330.0,81.9,36.52,1.89,-0.003,0
11340.0,72.5,36.78,1.67,0.063,0
11350.0,73.7,36.59,2.04,-0.024,0
11360.0,77.3,36.64,2.46,0.032,0
11370.0,71.4,36.58,2.47,-0.028,0
11380.0,79.5,36.67,2.24,-0.107,0
11390.0,76.3,36.81,1.74,0.08,0
11400.0,75.6,36.52,1.91,-0.085,0
11410.0,75.1,36.64,2.71,0.019,0
11420.0,79.3,36.5,1.95,0.016,0
11430.0,72.4,36.58,2.29,0.122,0
11440.0,77.5,36.53,1.99,-0.052,0
11450.0,75.8,36.75,2.09,-0.0,0
11460.0,74.8,36.62,2.5,0.039,0
11470.0,71.9,36.54,2.37,0.02,0
11480.0,69.5,36.71,1.87,-0.035,0
11490.0,78.1,36.7,1.97,0.022,0
11500.0,73.2,36.53,1.89,-0.017,0
11510.0,73.2,36.69,2.03,-0.048,0
11520.0,73.1,36.48,1.98,0.072,0
11530.0,75.9,36.61,1.56,0.068,0
11540.0,75.1,36.61,1.66,-0.006,0
11550.0,72.3,36.53,1.49,-0.097,0
11560.0,81.5,36.62,2.34,-0.014,0
11570.0,74.5,36.49,2.18,0.037,0
11580.0,76.6,36.6,2.09,-0.022,0
11590.0,78.1,36.46,1.76,-0.011,0
11600.0,71.2,36.45,1.93,-0.022,0
11610.0,74.5,36.6,2.18,0.005,0
11620.0,80.2,36.62,2.46,0.053,0
11630.0,78.4,36.44,2.06,0.019,0
11640.0,74.1,36.62,1.7,0.072,0
11650.0,75.0,36.64,1.76,0.079,0
11660.0,77.5,36.7,2.61,-0.011,0
11670.0,76.8,36.65,1.83,0.019,0
11680.0,72.6,36.6,1.52,-0.039,0
11690.0,69.5,36.75,2.2,-0.023,0
11700.0,72.7,36.72,2.53,0.039,0
11710.0,79.0,36.6,1.38,-0.005,0
11720.0,75.4,36.71,1.88,-0.058,0
11730.0,69.6,36.67,1.91,-0.055,0
11740.0,76.9,36.68,1.94,0.05,0
11750.0,77.0,36.59,1.94,-0.017,0
11760.0,75.0,36.75,2.36,0.026,0
11770.0,80.5,36.71,1.95,0.029,0
11780.0,79.1,36.61,1.94,0.091,0
11790.0,76.6,36.7,1.79,0.045,0
11800.0,74.4,36.6,1.71,-0.011,0
11810.0,70.7,36.71,1.84,0.017,0
11820.0,71.5,36.65,1.24,-0.045,0
11830.0,79.1,36.53,1.94,-0.108,0
11840.0,79.1,36.57,2.4,-0.034,0
11850.0,70.6,36.74,2.12,0.005,0
11860.0,73.2,36.72,1.45,0.04,0
11870.0,71.4,36.65,2.6,-0.002,0
11880.0,74.7,36.55,1.95,-0.022,0
11890.0,75.1,36.57,1.95,-0.028,0
11900.0,74.6,36.6,2.5,0.08,0
11910.0,76.0,36.56,2.1,-0.041,0
11920.0,73.3,36.61,1.8,-0.032,0
11930.0,73.6,36.83,2.05,-0.086,0
11940.0,75.6,36.65,1.98,0.03,0
11950.0,73.3,36.59,1.97,-0.034,0
11960.0,72.2,36.61,2.07,-0.14,0
11970.0,73.5,36.57,2.05,0.041,0
11980.0,74.1,36.66,1.59,0.067,0
11990.0,74.8,36.45,2.18,-0.013,0
12000.0,80.5,36.76,2.27,-0.144,0
12010.0,74.3,36.73,2.25,-0.046,0
12020.0,74.7,36.66,1.52,-0.075,0
12030.0,82.3,36.57,1.43,-0.035,0
12040.0,76.0,36.68,1.8,-0.06,0
12050.0,77.6,36.51,1.92,0.034,0
12060.0,73.5,36.8,1.74,-0.018,0
12070.0,73.8,36.54,2.33,-0.017,0
12080.0,83.6,36.61,2.07,-0.078,0
12090.0,73.3,36.67,2.16,-0.053,0
12100.0,73.6,36.28,1.76,0.086,0
12110.0,75.7,36.71,1.49,0.005,0
12120.0,74.6,36.54,1.93,-0.026,0
12130.0,71.5,36.61,2.26,-0.039,0
12140.0,72.8,36.68,2.01,-0.017,0
12150.0,75.3,36.81,2.34,0.086,0
12160.0,77.2,36.52,1.87,-0.038,0
12170.0,76.9,36.57,1.75,-0.006,0
12180.0,70.8,36.7,1.71,0.046,0
12190.0,76.4,36.66,1.66,0.003,0
12200.0,73.4,36.42,2.43,-0.005,0
12210.0,73.6,36.74,2.29,0.165,0
12220.0,72.1,36.54,2.58,-0.043,0
12230.0,72.8,36.59,2.49,-0.027,0
12240.0,81.8,36.6,2.4,-0.017,0
12250.0,72.1,36.66,1.56,-0.082,0
12260.0,77.1,36.54,1.59,-0.03,0
12270.0,76.7,36.51,1.16,-0.008,0
12280.0,76.1,36.68,2.31,-0.008,0
12290.0,80.7,36.59,1.93,-0.014,0
12300.0,75.4,36.65,2.42,-0.027,0
12310.0,72.6,36.61,1.87,-0.056,0
12320.0,78.6,36.72,1.56,-0.007,0
12330.0,76.7,36.79,1.98,0.043,0
12340.0,73.9,36.65,2.27,0.017,0
12350.0,75.1,36.7,2.41,0.008,0
12360.0,78.1,36.54,1.88,0.078,0
12370.0,66.3,36.58,2.06,-0.058,0
12380.0,78.2,36.6,2.21,0.075,0
12390.0,78.7,36.57,1.66,-0.02,0
12400.0,75.5,36.42,2.48,0.006,0
12410.0,74.3,36.41,2.0,0.005,0
12420.0,72.5,36.63,1.96,-0.08,0
12430.0,77.1,36.85,2.54,0.025,0
12440.0,75.8,36.45,2.08,-0.015,0
12450.0,67.4,36.56,1.83,-0.077,0
12460.0,74.7,36.45,2.12,0.028,0
12470.0,68.8,36.56,1.86,-0.012,0
12480.0,67.6,36.64,2.46,0.076,0
12490.0,77.7,36.4,1.81,0.025,0
12500.0,76.4,36.72,1.92,-0.061,0
12510.0,76.6,36.55,2.42,0.034,0
12520.0,73.9,36.62,2.33,0.027,0
12530.0,75.4,36.63,1.91,0.021,0
12540.0,75.1,36.5,2.13,0.028,0
12550.0,78.0,36.44,2.08,-0.019,0
12560.0,76.7,36.48,2.39,-0.054,0
12570.0,73.5,36.87,2.03,0.055,0
12580.0,75.7,36.73,2.24,-0.04,0
12590.0,69.7,36.47,1.85,0.028,0
12600.0,78.0,36.6,2.05,-0.116,0
12610.0,74.1,36.59,2.13,-0.016,0
12620.0,73.5,36.79,1.59,0.068,0
12630.0,76.9,36.59,2.66,-0.003,0
12640.0,72.4,36.62,2.26,0.028,0
12650.0,73.4,36.67,1.48,0.068,0
12660.0,77.4,36.38,1.78,0.062,0
12670.0,74.3,36.6,2.42,-0.03,0
12680.0,68.6,36.74,1.87,-0.001,0
12690.0,74.4,36.55,1.74,-0.009,0
12700.0,72.1,36.74,2.36,0.028,0
12710.0,76.6,36.43,2.34,-0.022,0
12720.0,79.1,36.77,1.93,-0.112,0
12730.0,75.7,36.48,1.82,-0.011,0
12740.0,77.8,36.64,2.46,-0.04,0
12750.0,78.4,36.68,2.2,0.056,0
12760.0,77.5,36.44,1.83,0.049,0
12770.0,76.5,36.7,2.06,-0.027,0
12780.0,72.5,36.44,2.16,-0.072,0
12790.0,75.0,36.59,2.33,0.115,0
12800.0,73.8,36.65,2.0,-0.045,0
12810.0,78.5,36.64,2.18,0.045,0
12820.0,77.7,36.58,2.32,-0.008,0
12830.0,71.4,36.65,2.41,-0.033,0
12840.0,70.3,36.61,1.69,-0.028,0
12850.0,75.3,36.3,1.86,-0.019,0
12860.0,80.5,36.58,2.64,0.062,0
12870.0,76.3,36.64,2.1,0.007,0
12880.0,70.6,36.63,2.03,0.011,0
12890.0,80.2,36.58,1.68,-0.028,0
12900.0,77.5,36.63,2.01,-0.069,0
12910.0,78.6,36.54,2.11,-0.005,0
12920.0,70.2,36.64,1.64,0.017,0
12930.0,73.4,36.58,2.21,-0.063,0
12940.0,84.3,36.52,2.21,0.045,0
12950.0,79.6,36.53,1.78,0.055,0
12960.0,76.6,36.66,2.42,0.005,0
12970.0,75.5,36.73,2.05,-0.051,0
12980.0,72.3,36.57,2.11,0.048,0
12990.0,82.2,36.58,1.58,-0.08,0
13000.0,74.4,36.6,2.18,0.122,0
13010.0,76.9,36.61,2.3,-0.079,0
13020.0,75.7,36.44,2.42,-0.068,0
13030.0,78.0,36.68,2.44,-0.046,0
13040.0,74.8,36.7,2.1,0.025,0
13050.0,77.2,36.57,1.71,-0.04,0
13060.0,74.7,36.53,1.91,-0.001,0
13070.0,79.6,36.49,1.77,-0.002,0
13080.0,71.9,36.3,1.82,-0.013,0
13090.0,75.5,36.5,2.5,0.039,0
13100.0,71.7,36.54,1.79,-0.054,0
13110.0,78.4,36.49,2.03,-0.026,0
13120.0,74.4,36.7,2.1,0.018,0
13130.0,75.9,36.65,1.69,-0.034,0
13140.0,76.1,36.53,1.89,0.014,0
13150.0,78.3,36.69,2.48,0.007,0
13160.0,75.4,36.53,2.17,0.063,0
13170.0,73.3,36.64,2.34,-0.042,0
13180.0,76.6,36.66,1.33,-0.027,0
13190.0,71.7,36.55,1.87,-0.002,0
13200.0,77.7,36.72,2.05,0.065,0
13210.0,77.5,36.59,2.44,0.003,0
13220.0,75.7,36.5,2.11,0.021,0
13230.0,77.6,36.58,1.78,0.02,0
13240.0,77.2,36.57,1.75,-0.021,0
13250.0,79.8,36.5,1.7,0.093,0
13260.0,74.5,36.48,1.58,0.029,0
13270.0,76.0,36.66,1.74,-0.059,0
13280.0,76.6,36.5,1.95,-0.044,0
13290.0,79.9,36.69,2.79,0.032,0
13300.0,75.9,36.67,1.53,-0.089,0
13310.0,77.1,36.54,2.0,-0.081,0
13320.0,73.4,36.56,2.28,0.007,0
13330.0,70.9,36.55,2.33,-0.023,0
13340.0,77.7,36.55,2.1,0.003,0
13350.0,74.7,36.47,1.52,0.012,0
13360.0,75.1,36.55,1.74,0.067,0
13370.0,78.0,36.67,2.48,-0.055,0
13380.0,75.8,36.46,1.88,-0.016,0
13390.0,73.0,36.6,2.65,0.013,0
13400.0,77.9,36.61,1.5,-0.032,0
13410.0,73.4,36.6,2.18,0.043,0
13420.0,76.0,36.71,1.8,0.028,0
13430.0,76.5,36.69,1.78,0.092,0
13440.0,72.6,36.55,2.22,-0.078,0
13450.0,72.2,36.61,1.45,-0.04,0
13460.0,75.3,36.52,2.53,0.036,0
13470.0,76.4,36.61,2.23,0.003,0
13480.0,72.0,36.63,1.79,0.021,0
13490.0,75.9,36.54,2.62,0.064,0
13500.0,74.8,36.65,2.1,-0.027,0
13510.0,76.7,36.58,1.58,-0.026,0
13520.0,73.5,36.41,2.4,-0.026,0
13530.0,73.9,36.83,1.71,-0.005,0
13540.0,70.2,36.54,1.84,0.056,0
13550.0,72.5,36.69,2.81,0.088,0
13560.0,66.4,36.65,2.47,-0.041,0
13570.0,74.7,36.57,2.29,-0.024,0
13580.0,80.7,36.72,1.53,-0.078,0
13590.0,75.6,36.58,1.98,-0.028,0
13600.0,71.8,36.6,2.14,0.052,0
13610.0,78.6,36.6,2.11,-0.084,0
13620.0,77.2,36.73,2.2,-0.002,0
13630.0,72.1,36.5,1.94,0.023,0
13640.0,68.8,36.47,2.28,0.086,0
13650.0,74.5,36.67,1.97,0.006,0
13660.0,71.7,36.66,1.78,0.012,0
13670.0,77.3,36.66,1.76,0.014,0
13680.0,73.3,36.67,2.25,0.039,0
13690.0,79.5,36.65,2.47,0.038,0
13700.0,73.0,36.63,2.33,0.059,0
13710.0,73.9,36.56,2.2,-0.036,0
13720.0,74.6,36.62,1.98,0.045,0
13730.0,77.5,36.62,1.68,0.073,0
13740.0,72.9,36.55,1.77,-0.072,0
13750.0,78.1,36.79,1.63,-0.09,0
13760.0,75.5,36.64,1.36,-0.051,0
13770.0,79.0,36.66,2.4,-0.052,0
13780.0,75.0,36.59,2.32,-0.031,0
13790.0,73.5,36.65,2.24,-0.023,0
13800.0,75.7,36.69,2.1,-0.022,0
13810.0,75.9,36.67,2.03,0.027,0
13820.0,77.9,36.64,2.26,-0.008,0
13830.0,73.6,36.74,1.33,0.021,0
13840.0,74.1,36.67,1.65,0.018,0
13850.0,76.8,36.64,1.74,-0.03,0
13860.0,77.1,36.59,1.4,-0.024,0
13870.0,78.6,36.59,1.6,-0.018,0
13880.0,74.9,36.53,2.4,-0.015,0
13890.0,74.3,36.58,1.46,0.019,0
13900.0,73.2,36.36,1.55,-0.003,0
13910.0,78.7,36.67,2.17,0.005,0
13920.0,76.1,36.61,1.78,-0.035,0
13930.0,75.0,36.52,1.49,0.03,0
13940.0,76.3,36.43,1.63,0.017,0
13950.0,71.6,36.6,2.25,-0.023,0
13960.0,77.0,36.55,1.9,0.021,0
13970.0,77.0,36.47,1.6,-0.076,0
13980.0,80.0,36.56,1.79,0.015,0
13990.0,70.0,36.56,2.0,-0.049,0
14000.0,71.5,36.56,1.85,-0.026,0
14010.0,70.5,36.45,2.38,-0.066,0
14020.0,74.4,36.58,1.86,-0.008,0
14030.0,73.9,36.56,2.32,-0.048,0
14040.0,73.1,36.69,1.82,-0.022,0
14050.0,73.2,36.7,2.27,-0.059,0
14060.0,79.2,36.38,1.5,-0.079,0
14070.0,71.7,36.56,1.68,-0.06,0
14080.0,76.4,36.56,2.22,0.043,0
14090.0,75.3,36.66,1.92,-0.065,0
14100.0,70.6,36.4,2.21,0.004,0
14110.0,65.9,36.66,2.0,-0.049,0
14120.0,72.0,36.56,2.33,-0.002,0
14130.0,72.6,36.81,2.27,0.045,0
14140.0,77.9,36.72,2.13,0.001,0
14150.0,75.3,36.46,1.33,0.035,0
14160.0,80.5,36.56,2.42,0.077,0
14170.0,73.5,36.72,2.19,-0.016,0
14180.0,76.6,36.63,1.41,0.124,0
14190.0,71.8,36.62,2.55,-0.014,0
14200.0,72.8,36.61,1.9,0.061,0
14210.0,72.5,36.54,1.97,-0.064,0
14220.0,73.3,36.55,1.62,-0.031,0
14230.0,77.2,36.4,2.3,-0.026,0
14240.0,76.0,36.7,1.72,0.022,0
14250.0,71.1,36.46,1.93,-0.008,0
14260.0,77.9,36.45,2.18,-0.021,0
14270.0,74.6,36.39,1.93,0.037,0
14280.0,74.0,36.56,2.55,-0.003,0
14290.0,69.6,36.44,2.43,-0.026,0
14300.0,77.4,36.56,2.11,-0.024,0
14310.0,74.5,36.64,1.62,0.014,0
14320.0,75.5,36.44,2.8,-0.019,0
14330.0,71.8,36.75,1.62,-0.031,0
14340.0,75.4,36.54,2.16,0.027,0
14350.0,72.6,36.75,1.91,0.01,0
14360.0,73.8,36.56,1.98,0.092,0
14370.0,76.3,36.49,2.02,-0.028,0
14380.0,77.9,36.59,1.57,0.02,0
14390.0,72.5,36.64,2.29,-0.014,0
14400.0,74.5,36.62,1.8,0.004,0
14410.0,75.6,36.51,2.36,-0.086,0
14420.0,77.4,36.74,2.24,-0.053,0
14430.0,77.6,36.81,1.95,-0.0,0
14440.0,77.3,36.51,1.54,0.021,0
14450.0,75.1,36.5,2.12,-0.017,0
14460.0,76.1,36.62,2.04,-0.001,0
14470.0,69.7,36.45,2.54,0.069,0
14480.0,74.2,36.64,1.5,-0.074,0
14490.0,66.2,36.49,1.8,0.035,0
14500.0,74.3,36.63,1.89,-0.007,0
14510.0,73.9,36.63,1.18,-0.0,0
14520.0,74.5,36.77,2.07,0.079,0
14530.0,72.6,36.52,2.5,-0.012,0
14540.0,72.6,36.6,2.06,0.062,0
14550.0,72.6,36.67,2.53,0.056,0
14560.0,80.4,36.6,2.18,-0.039,0
14570.0,82.4,36.69,2.07,-0.003,0
14580.0,68.6,36.38,1.67,-0.027,0
14590.0,76.9,36.68,2.0,0.016,0
14600.0,74.5,36.71,1.78,-0.016,0
14610.0,75.6,36.52,1.55,0.018,0
14620.0,81.8,36.61,2.22,-0.017,0
14630.0,76.2,36.46,1.68,0.031,0
14640.0,74.3,36.43,1.87,0.046,0
14650.0,73.1,36.37,2.53,0.006,0
14660.0,79.9,36.64,1.81,0.018,0
14670.0,76.0,36.78,2.39,0.034,0
14680.0,76.2,36.61,1.83,0.054,0
14690.0,73.7,36.58,2.02,-0.031,0
14700.0,73.7,36.6,1.98,0.073,0
14710.0,70.4,36.66,1.86,-0.017,0
14720.0,67.9,36.53,2.16,-0.035,0
14730.0,73.6,36.57,2.06,0.083,0
14740.0,74.8,36.89,2.78,0.082,0
14750.0,78.1,36.63,2.46,0.106,0
14760.0,75.3,36.63,2.23,-0.005,0
14770.0,79.4,36.48,2.1,-0.059,0
14780.0,74.9,36.53,1.98,-0.084,0
14790.0,76.8,36.56,2.32,-0.003,0
14800.0,77.5,36.55,2.24,0.105,0
14810.0,72.7,36.68,1.63,-0.007,0
14820.0,69.5,36.67,1.82,0.037,0
14830.0,75.9,36.58,2.23,0.053,0
14840.0,73.7,36.71,1.93,-0.137,0
14850.0,75.6,36.54,1.89,-0.101,0
14860.0,75.9,36.53,1.84,0.053,0
14870.0,68.7,36.64,2.12,0.012,0
14880.0,78.3,36.69,2.04,-0.038,0
14890.0,73.7,36.6,1.3,-0.025,0
14900.0,78.6,36.56,2.24,0.044,0
14910.0,78.6,36.57,1.92,0.015,0
14920.0,72.6,36.53,2.3,-0.035,0
14930.0,76.5,36.64,2.0,0.013,0
14940.0,77.0,36.74,1.72,-0.049,0
14950.0,74.7,36.64,2.08,0.086,0
14960.0,72.1,36.43,2.15,0.011,0
14970.0,74.6,36.68,1.51,-0.087,0
14980.0,69.0,36.53,2.37,-0.074,0
14990.0,75.1,36.63,2.46,-0.043,0
15000.0,72.3,36.7,1.68,0.06,0
15010.0,76.1,36.42,2.2,0.023,0
15020.0,74.3,36.54,2.48,-0.122,0
15030.0,70.5,36.55,2.15,-0.0,0
15040.0,72.9,36.65,1.48,0.018,0
15050.0,74.1,36.67,2.15,0.038,0
15060.0,73.2,36.53,2.06,-0.073,0
15070.0,81.6,36.76,1.53,0.011,0
15080.0,78.5,36.56,1.78,0.059,0
15090.0,79.1,36.44,2.04,-0.006,0
15100.0,69.7,36.44,1.72,0.001,0
15110.0,78.9,36.32,2.04,-0.048,0
15120.0,76.6,36.7,2.31,-0.005,0
15130.0,74.0,36.73,1.9,0.003,0
15140.0,73.6,36.63,1.59,-0.015,0
15150.0,75.3,36.7,1.95,-0.123,0
15160.0,73.2,36.75,2.05,-0.036,0
15170.0,72.0,36.64,1.79,0.001,0
15180.0,72.7,36.51,1.88,-0.006,0
15190.0,74.8,36.57,2.33,-0.02,0
15200.0,79.3,36.58,1.8,0.015,0
15210.0,77.2,36.52,1.57,0.05,0
15220.0,79.0,36.65,1.78,-0.008,0
15230.0,71.4,36.7,2.07,0.022,0
15240.0,75.4,36.6,2.06,-0.0,0
15250.0,78.5,36.46,1.74,-0.018,0
15260.0,74.4,36.7,1.59,0.027,0
15270.0,74.6,36.69,2.12,-0.006,0
15280.0,72.0,36.63,1.88,-0.005,0
15290.0,77.3,36.75,1.51,0.039,0
15300.0,78.9,36.58,1.65,0.018,0
15310.0,74.5,36.95,2.1,-0.024,0
15320.0,70.6,36.5,2.27,-0.087,0
15330.0,69.9,36.7,1.89,-0.013,0
15340.0,76.7,36.58,1.52,-0.033,0
15350.0,76.4,36.61,2.45,0.021,0
15360.0,72.4,36.74,2.44,-0.035,0
15370.0,76.7,36.67,2.1,-0.069,0
15380.0,84.0,36.56,2.11,0.046,0
15390.0,73.8,36.72,2.0,-0.032,0
15400.0,70.7,36.56,2.11,-0.016,0
15410.0,77.0,36.77,1.91,0.057,0
15420.0,75.5,36.63,2.0,0.02,0
15430.0,72.5,36.53,1.82,-0.087,0
15440.0,71.4,36.59,1.83,-0.002,0
15450.0,76.9,36.62,1.97,-0.092,0
15460.0,75.1,36.53,2.21,-0.04,0
15470.0,71.6,36.74,1.46,0.084,0
15480.0,75.3,36.57,1.87,0.044,0
15490.0,75.7,36.62,1.98,-0.023,0
15500.0,78.8,36.55,1.62,0.015,0
15510.0,70.7,36.75,2.12,-0.106,0
15520.0,76.1,36.56,2.38,-0.007,0
15530.0,74.6,36.56,1.91,-0.104,0
15540.0,73.3,36.5,1.87,0.055,0
15550.0,79.9,36.62,1.82,-0.071,0
15560.0,73.5,36.48,1.93,-0.003,0
15570.0,75.6,36.61,1.42,-0.048,0
15580.0,72.2,36.56,2.03,-0.038,0
15590.0,84.5,36.72,1.69,0.066,0
15600.0,80.0,36.47,1.64,0.006,0
15610.0,78.2,36.63,1.48,-0.04,0
15620.0,73.2,36.68,1.57,-0.063,0
15630.0,75.2,36.6,2.27,-0.031,0
15640.0,78.2,36.69,1.97,-0.027,0
15650.0,80.1,36.65,1.91,-0.049,0
15660.0,78.9,36.54,1.84,-0.038,0
15670.0,73.9,36.64,1.85,-0.005,0
15680.0,72.9,36.65,1.97,-0.062,0
15690.0,74.6,36.62,1.88,-0.104,0
15700.0,78.8,36.5,2.18,-0.019,0
15710.0,74.7,36.58,2.3,0.012,0
15720.0,75.4,36.48,2.45,-0.076,0
15730.0,78.9,36.42,2.54,0.021,0
15740.0,73.5,36.46,2.0,0.023,0
15750.0,75.2,36.56,1.78,0.059,0
15760.0,74.0,36.64,2.16,-0.062,0
15770.0,74.7,36.73,2.09,0.022,0
15780.0,73.7,36.71,2.59,-0.039,0
15790.0,77.4,36.46,2.18,0.022,0
15800.0,71.6,36.69,1.7,0.097,0
15810.0,75.4,36.58,1.8,0.03,0
15820.0,76.0,36.61,1.77,-0.013,0
15830.0,72.8,36.43,1.96,-0.056,0
15840.0,81.1,36.79,2.11,-0.092,0
15850.0,76.4,36.58,2.33,0.051,0
15860.0,72.7,36.56,1.87,-0.021,0
15870.0,70.2,36.64,2.02,-0.016,0
15880.0,75.8,36.63,2.35,0.045,0
15890.0,78.1,36.51,1.66,0.048,0
15900.0,80.1,36.68,2.1,0.0,0
15910.0,83.6,36.68,1.94,0.099,0
15920.0,80.2,36.46,1.63,-0.01,0
15930.0,78.8,36.54,1.69,0.041,0
15940.0,69.2,36.56,1.68,-0.0,0
15950.0,72.2,36.58,2.13,0.006,0
15960.0,73.4,36.57,2.68,0.044,0
15970.0,74.3,36.62,2.14,-0.038,0
15980.0,75.0,36.49,1.7,0.044,0
15990.0,78.0,36.72,1.98,-0.025,0
16000.0,75.0,36.42,2.42,-0.135,0
16010.0,77.9,36.5,2.0,-0.043,0
16020.0,72.5,36.36,1.62,0.046,0
16030.0,71.3,36.47,1.97,-0.116,0
16040.0,73.9,36.63,2.11,-0.052,0
16050.0,78.6,36.7,1.48,0.036,0
16060.0,75.5,36.65,1.82,-0.065,0
16070.0,74.6,36.64,2.12,0.017,0
16080.0,71.8,36.74,2.36,0.012,0
16090.0,72.1,36.63,1.87,-0.018,0
16100.0,77.0,36.56,2.42,0.032,0
16110.0,78.0,36.51,1.81,-0.062,0
16120.0,79.0,36.89,2.16,0.013,0
16130.0,73.6,36.76,1.99,-0.032,0
16140.0,70.6,36.5,2.02,-0.092,0
16150.0,71.3,36.77,2.25,-0.016,0
16160.0,77.8,36.52,2.23,-0.018,0
16170.0,80.9,36.49,2.46,-0.006,0
16180.0,69.4,36.63,2.21,0.075,0
16190.0,77.3,36.51,2.31,0.003,0
16200.0,70.3,36.59,1.65,-0.007,0
16210.0,77.2,36.49,2.09,0.054,0
16220.0,73.1,36.57,2.32,0.056,0
16230.0,71.5,36.5,2.24,-0.012,0
16240.0,74.5,36.42,1.86,-0.008,0
16250.0,77.2,36.56,2.22,-0.009,0
16260.0,78.8,36.6,1.85,-0.037,0
16270.0,71.9,36.63,2.59,0.039,0
16280.0,76.2,36.48,1.65,0.048,0
16290.0,76.4,36.54,1.49,-0.01,0
16300.0,72.3,36.55,1.61,0.04,0
16310.0,73.2,36.65,2.12,-0.029,0
16320.0,74.4,36.78,1.69,-0.042,0
16330.0,68.7,36.59,1.37,-0.024,0
16340.0,69.6,36.67,1.95,-0.167,0
16350.0,72.1,36.55,2.16,0.043,0
16360.0,76.2,36.63,2.12,0.032,0
16370.0,75.0,36.58,2.06,0.058,0
16380.0,67.9,36.37,2.17,-0.045,0
16390.0,75.2,36.6,2.65,0.034,0
16400.0,78.0,36.57,1.76,-0.042,0
16410.0,78.7,36.65,2.02,0.086,0
16420.0,74.6,36.52,1.9,0.054,0
16430.0,70.9,36.6,2.48,0.02,0
16440.0,74.4,36.79,2.1,-0.081,0
16450.0,74.5,36.72,2.05,0.078,0
16460.0,71.8,36.59,2.11,-0.062,0
16470.0,75.0,36.64,1.62,-0.074,0
16480.0,78.6,36.61,1.3,-0.034,0
16490.0,75.2,36.37,1.72,-0.016,0
16500.0,74.0,36.49,1.96,-0.02,0
16510.0,74.4,36.63,1.44,0.036,0
16520.0,76.6,36.65,1.95,-0.01,0
16530.0,74.6,36.61,2.24,0.038,0
16540.0,74.2,36.66,2.15,0.035,0
16550.0,73.8,36.73,2.24,-0.054,0
16560.0,72.6,36.75,1.44,-0.001,0
16570.0,81.3,36.71,2.31,-0.06,0
16580.0,77.4,36.75,1.91,0.0,0
16590.0,78.0,36.58,1.55,-0.136,0
16600.0,75.9,36.55,1.17,-0.04,0
16610.0,73.8,36.55,2.34,0.033,0
16620.0,74.6,36.47,2.21,0.073,0
16630.0,80.2,36.57,2.18,-0.032,0
16640.0,72.5,36.67,1.62,-0.024,0
16650.0,78.4,36.55,1.69,0.1,0
16660.0,76.7,36.44,2.1,-0.006,0
16670.0,77.4,36.65,1.99,0.013,0
16680.0,76.0,36.64,1.89,-0.072,0
16690.0,74.3,36.55,1.98,0.055,0
16700.0,79.4,36.67,2.24,-0.005,0
16710.0,73.8,36.67,2.29,0.048,0
16720.0,74.6,36.61,2.58,-0.121,0
16730.0,77.9,36.57,1.9,-0.014,0
16740.0,69.4,36.58,2.38,-0.015,0
16750.0,74.5,36.51,2.01,-0.128,0
16760.0,72.6,36.64,1.6,-0.062,0
16770.0,73.6,36.65,2.3,0.0,0
16780.0,74.1,36.64,1.93,0.037,0
16790.0,79.5,36.58,1.66,-0.003,0
16800.0,81.0,36.63,1.71,0.002,0
16810.0,74.8,36.52,2.38,0.031,0
16820.0,78.5,36.29,2.08,0.004,0
16830.0,72.1,36.64,1.71,-0.08,0
16840.0,77.2,36.58,1.51,0.072,0
16850.0,75.2,36.52,1.51,-0.055,0
16860.0,70.1,36.77,2.6,0.061,0
16870.0,70.0,36.65,2.7,-0.04,0
16880.0,74.7,36.78,2.1,0.033,0
16890.0,72.9,36.45,2.14,-0.025,0
16900.0,73.0,36.52,2.25,0.024,0
16910.0,80.7,36.72,2.05,0.005,0
16920.0,78.2,36.61,2.37,0.009,0
16930.0,77.0,36.75,1.53,0.07,0
16940.0,79.4,36.58,2.04,-0.015,0
16950.0,73.3,36.73,1.58,0.008,0
16960.0,71.2,36.55,1.67,0.006,0
16970.0,76.6,36.72,2.0,0.099,0
16980.0,73.7,36.68,2.42,-0.016,0
16990.0,76.8,36.35,2.35,-0.04,0
17000.0,79.7,36.6,2.29,-0.029,0
17010.0,84.5,36.62,2.71,0.001,0
17020.0,74.0,36.67,2.37,0.047,0
17030.0,76.7,36.61,2.26,0.021,0
17040.0,74.6,36.59,2.44,-0.065,0
17050.0,77.7,36.68,2.67,-0.158,0
17060.0,70.4,36.51,1.81,0.048,0
17070.0,71.0,36.57,1.79,-0.014,0
17080.0,79.2,36.66,1.82,-0.069,0
17090.0,76.6,36.53,1.92,-0.012,0
17100.0,78.3,36.57,1.88,-0.046,0
17110.0,72.7,36.69,2.0,-0.01,0
17120.0,71.0,36.5,2.16,-0.011,0
17130.0,74.3,36.64,2.19,0.035,0
17140.0,74.2,36.59,2.16,-0.112,0
17150.0,75.5,36.67,1.79,-0.064,0
17160.0,79.3,36.52,1.99,0.016,0
17170.0,72.3,36.44,2.08,-0.07,0
17180.0,77.0,36.59,2.64,0.007,0
17190.0,72.9,36.68,2.32,-0.067,0
17200.0,76.3,36.63,2.29,-0.051,0
17210.0,77.2,36.64,1.93,0.134,0
17220.0,71.4,36.58,1.73,0.017,0
17230.0,80.1,36.74,1.21,0.079,0
17240.0,73.5,36.53,2.04,-0.014,0
17250.0,74.0,36.53,2.1,0.061,0
17260.0,75.4,36.59,2.19,0.063,0
17270.0,75.4,36.58,2.19,-0.034,0
17280.0,68.8,36.66,1.87,-0.026,0
17290.0,69.3,36.53,1.89,0.072,0
17300.0,80.3,36.58,2.16,-0.057,0
17310.0,75.4,36.56,1.53,0.057,0
17320.0,75.6,36.67,1.88,-0.116,0
17330.0,70.7,36.69,1.93,0.03,0
17340.0,73.7,36.61,2.0,-0.046,0
17350.0,75.8,36.75,1.85,-0.083,0
17360.0,77.2,36.46,1.7,-0.014,0
17370.0,76.9,36.65,1.9,-0.066,0
17380.0,83.0,36.62,2.25,0.024,0
17390.0,79.5,36.49,2.11,-0.016,0
17400.0,71.7,36.73,1.72,0.024,0
17410.0,80.1,36.77,1.72,0.049,0
17420.0,76.8,36.48,1.44,0.0,0
17430.0,78.6,36.89,1.82,0.009,0
17440.0,71.9,36.76,2.1,0.022,0
17450.0,75.4,36.52,2.27,0.051,0
17460.0,78.8,36.71,1.71,-0.01,0
17470.0,76.3,36.54,1.66,-0.014,0
17480.0,75.5,36.93,2.39,-0.036,0
17490.0,72.8,36.49,2.23,-0.019,0
17500.0,74.6,36.55,2.69,0.065,0
17510.0,72.0,36.49,2.36,-0.048,0
17520.0,78.9,36.67,1.72,0.033,0
17530.0,76.2,36.44,2.0,-0.018,0
17540.0,76.1,36.58,2.11,-0.031,0
17550.0,74.6,36.47,1.88,-0.021,0
17560.0,70.7,36.61,2.49,-0.035,0
17570.0,78.5,36.63,1.41,0.123,0
17580.0,72.3,36.6,2.12,-0.002,0
17590.0,77.5,36.72,1.73,-0.011,0
17600.0,73.0,36.53,2.03,0.05,0
17610.0,70.1,36.58,1.75,0.031,0
17620.0,76.6,36.7,1.62,0.017,0
17630.0,74.8,36.43,1.54,-0.023,0
17640.0,75.0,36.72,1.91,0.018,0
17650.0,75.3,36.51,1.86,0.001,0
17660.0,71.3,36.66,2.43,0.08,0
17670.0,77.1,36.63,1.44,-0.051,0
17680.0,70.9,36.55,2.23,0.013,0
17690.0,76.1,36.65,1.78,-0.011,0
17700.0,75.6,36.71,1.96,-0.012,0
17710.0,70.8,36.52,2.07,-0.008,0
17720.0,70.6,36.45,1.68,-0.014,0
17730.0,77.9,36.63,1.71,-0.036,0
17740.0,76.5,36.63,1.79,-0.115,0
17750.0,75.9,36.57,2.52,-0.017,0
17760.0,74.9,36.58,2.13,0.02,0
17770.0,71.6,36.47,2.33,-0.023,0
17780.0,76.6,36.57,1.44,0.07,0
17790.0,77.4,36.65,1.71,0.036,0
17800.0,75.8,36.53,1.92,-0.004,0
17810.0,73.2,36.63,2.26,-0.023,0
17820.0,74.7,36.59,2.25,0.009,0
17830.0,78.1,36.53,2.0,0.029,0
17840.0,77.1,36.56,1.99,-0.041,0
17850.0,69.2,36.57,1.91,-0.021,0
17860.0,71.8,36.66,2.21,-0.003,0
17870.0,72.6,36.54,1.99,0.043,0
17880.0,71.0,36.54,2.04,0.038,0
17890.0,71.0,36.53,1.3,0.065,0
17900.0,71.7,36.65,2.43,0.07,0
17910.0,69.6,36.7,2.24,0.048,0
17920.0,68.4,36.54,1.49,-0.024,0
17930.0,77.4,36.8,2.26,0.02,0
17940.0,73.5,36.54,2.13,-0.006,0
17950.0,76.7,36.59,2.44,0.05,0
17960.0,72.5,36.68,2.08,-0.036,0
17970.0,81.2,36.63,2.11,0.04,0
17980.0,76.7,36.7,1.63,0.07,0
17990.0,76.2,36.62,1.78,-0.045,0
18000.0,75.8,36.58,1.81,-0.068,1
18010.0,76.7,36.55,1.96,0.065,1
18020.0,81.5,36.67,1.62,-0.053,1
18030.0,73.7,36.58,1.57,-0.026,1
18040.0,75.3,36.68,1.97,-0.007,1
18050.0,79.0,36.67,1.58,0.041,1
18060.0,70.0,36.66,1.89,-0.034,1
18070.0,76.2,36.53,2.11,0.038,1
18080.0,78.1,36.64,2.18,-0.039,1
18090.0,79.6,36.7,1.86,0.073,1
18100.0,76.2,36.45,1.86,-0.003,1
18110.0,70.5,36.73,2.21,0.039,1
18120.0,69.5,36.59,2.22,0.009,1
18130.0,77.5,36.44,1.76,0.05,1
18140.0,77.0,36.47,2.27,0.035,1
18150.0,73.1,36.81,2.04,-0.022,1
18160.0,72.1,36.51,1.91,-0.014,1
18170.0,73.4,36.67,2.05,0.004,1
18180.0,73.6,36.83,1.68,-0.129,1
18190.0,75.5,36.71,1.9,0.068,1
18200.0,76.6,36.63,2.46,-0.009,1
18210.0,75.4,36.78,2.19,-0.023,1
18220.0,77.4,36.56,2.96,-0.032,1
18230.0,79.8,36.61,2.46,-0.043,1
18240.0,73.0,36.89,1.99,-0.037,1
18250.0,71.5,36.56,1.67,0.101,1
18260.0,78.5,36.74,2.56,-0.022,1
18270.0,75.5,36.46,2.21,0.009,1
18280.0,71.2,36.76,2.45,-0.088,1
18290.0,72.2,36.63,1.84,0.057,1
18300.0,73.3,36.8,2.33,-0.041,1
18310.0,70.6,36.6,1.81,0.101,1
18320.0,81.7,36.8,2.21,0.046,1
18330.0,74.3,36.77,2.38,0.007,1
18340.0,73.2,36.68,2.72,-0.007,1
18350.0,79.7,36.53,2.73,0.04,1
18360.0,80.3,36.54,1.51,0.027,1
18370.0,75.8,36.61,2.16,-0.023,1
18380.0,79.4,36.79,2.72,0.011,1
18390.0,79.9,36.65,1.61,-0.052,1
18400.0,76.2,36.65,2.29,-0.01,1
18410.0,82.5,36.8,2.53,0.121,1
18420.0,72.7,36.69,2.58,0.047,1
18430.0,73.6,36.68,1.82,-0.042,1
18440.0,73.5,36.83,2.8,-0.035,1
18450.0,75.9,36.69,2.42,0.055,1
18460.0,75.2,36.72,2.69,0.02,1
18470.0,69.2,36.6,2.03,0.033,1
18480.0,82.2,36.65,2.27,-0.01,1
18490.0,80.6,36.96,2.36,0.003,1
18500.0,73.9,36.62,2.03,-0.023,1
18510.0,78.1,36.83,3.04,0.133,1
18520.0,83.5,36.81,1.79,0.014,1
18530.0,80.1,36.66,2.14,-0.072,1
18540.0,76.4,36.74,1.61,-0.029,1
18550.0,78.2,36.84,2.82,0.028,1
18560.0,75.5,36.67,2.16,0.038,1
18570.0,78.7,36.81,2.15,-0.006,1
18580.0,75.2,36.82,2.99,0.033,1
18590.0,75.3,36.71,2.55,-0.008,1
18600.0,77.2,36.84,2.41,-0.126,1
18610.0,74.7,36.83,2.57,-0.027,1
18620.0,75.3,36.73,2.16,0.016,1
18630.0,79.8,36.97,1.96,0.014,1
18640.0,73.4,36.72,2.17,-0.083,1
18650.0,80.2,36.86,2.86,0.106,1
18660.0,76.4,36.78,2.86,0.08,1
18670.0,79.3,36.72,3.13,-0.025,1
18680.0,81.3,36.73,2.59,0.029,1
18690.0,77.8,36.6,2.78,0.048,1
18700.0,79.5,36.8,2.29,0.073,1
18710.0,79.1,36.74,2.4,-0.056,1
18720.0,80.3,36.75,1.73,-0.044,1
18730.0,79.2,36.69,2.13,-0.046,1
18740.0,80.8,36.68,3.13,0.018,1
18750.0,75.5,36.88,2.26,0.004,1
18760.0,80.5,36.75,3.06,-0.079,1
18770.0,73.8,36.96,2.91,0.061,1
18780.0,78.5,36.88,2.42,-0.032,1
18790.0,80.4,36.74,2.67,0.075,1
18800.0,81.1,36.91,2.41,-0.011,1
18810.0,83.0,36.97,3.17,0.035,1
18820.0,77.2,36.78,2.0,-0.065,1
18830.0,78.7,36.82,2.75,-0.094,1
18840.0,83.9,36.77,2.02,0.017,1
18850.0,86.8,36.76,2.28,-0.074,1
18860.0,79.2,36.97,2.04,-0.041,1
18870.0,75.1,36.9,3.08,0.05,1
18880.0,76.6,36.91,2.61,0.063,1
18890.0,79.8,36.95,2.56,-0.068,1
18900.0,80.5,36.83,2.1,0.024,1
18910.0,82.4,36.69,2.73,-0.055,1
18920.0,77.8,36.96,2.63,-0.026,1
18930.0,81.8,36.89,2.73,0.083,1
18940.0,77.3,36.84,2.21,0.045,1
18950.0,79.4,36.94,2.44,-0.035,1
18960.0,71.1,36.7,3.01,0.074,1
18970.0,81.2,36.96,2.34,0.016,1
18980.0,82.7,36.87,3.42,-0.008,1
18990.0,79.7,37.01,2.61,0.04,1
19000.0,82.0,36.99,2.42,-0.017,1
19010.0,79.9,36.79,2.48,0.015,1
19020.0,74.0,36.72,2.57,-0.019,1
19030.0,83.0,36.89,2.45,-0.037,1
19040.0,78.4,37.05,2.54,-0.015,1
19050.0,78.8,36.89,2.13,-0.046,1
19060.0,82.5,36.99,2.4,0.051,1
19070.0,76.4,36.83,2.95,0.068,1
19080.0,78.0,37.04,2.14,0.024,1
19090.0,85.1,36.96,2.85,0.011,1
19100.0,80.1,36.84,2.53,-0.134,1
19110.0,81.6,36.95,3.13,-0.02,1
19120.0,86.5,36.94,2.82,-0.02,1
19130.0,81.6,36.87,2.75,-0.023,1
19140.0,83.5,36.93,2.36,-0.002,1
19150.0,82.5,36.84,3.09,-0.039,1
19160.0,81.5,36.9,2.55,0.087,1
19170.0,72.7,36.85,2.5,0.014,1
19180.0,83.3,36.87,2.62,0.015,1
19190.0,76.8,36.94,2.93,0.02,1
19200.0,75.2,36.97,1.83,-0.027,1
19210.0,81.3,37.07,2.39,0.038,1
19220.0,75.6,37.01,3.24,-0.001,1
19230.0,86.0,36.85,2.47,0.018,1
19240.0,81.8,36.97,3.4,0.042,1
19250.0,76.9,36.97,3.39,-0.074,1
19260.0,85.1,37.04,2.79,0.016,1
19270.0,85.5,36.99,3.43,-0.072,1
19280.0,84.0,36.9,3.09,0.006,1
19290.0,79.0,36.72,2.15,-0.025,1
19300.0,83.8,36.87,3.63,0.001,1
19310.0,79.5,36.91,2.59,0.006,1
19320.0,75.0,36.94,2.92,0.049,1
19330.0,81.7,37.15,3.3,0.036,1
19340.0,81.5,36.95,2.43,0.037,1
19350.0,88.8,36.92,3.13,-0.05,1
19360.0,77.9,36.89,2.24,-0.079,1
19370.0,79.8,37.02,2.09,0.034,1
19380.0,83.1,37.0,2.54,0.031,1
19390.0,77.8,36.92,2.93,-0.044,1
19400.0,79.1,36.86,2.48,-0.006,1
19410.0,83.5,36.95,2.76,-0.074,1
19420.0,83.5,36.98,3.3,0.028,1
19430.0,85.5,36.87,2.56,-0.073,1
19440.0,83.5,36.83,2.33,0.007,1
19450.0,78.5,36.81,2.64,-0.031,1
19460.0,78.4,36.96,2.08,-0.014,1
19470.0,80.4,37.05,3.23,-0.001,1
19480.0,80.8,36.91,3.23,0.025,1
19490.0,79.9,37.0,3.04,0.006,1
19500.0,80.7,37.14,3.15,0.08,1
19510.0,87.2,36.85,2.46,0.012,1
19520.0,77.6,37.05,2.85,-0.019,1
19530.0,83.0,37.01,2.76,0.112,1
19540.0,79.2,36.97,2.65,-0.007,1
19550.0,76.4,37.03,2.38,-0.021,1
19560.0,81.8,36.98,2.81,-0.02,1
19570.0,78.6,36.91,2.94,-0.012,1
19580.0,81.1,37.13,2.34,-0.049,1
19590.0,81.9,36.97,2.92,-0.023,1
19600.0,88.0,37.03,2.93,-0.004,1
19610.0,85.9,37.01,2.5,0.025,1
19620.0,77.0,37.24,3.46,-0.064,1
19630.0,80.2,36.87,2.43,-0.018,1
19640.0,83.5,37.09,3.16,0.036,1
19650.0,85.2,36.75,2.7,-0.064,1
19660.0,77.0,36.84,3.79,-0.036,1
19670.0,71.1,37.15,2.2,0.023,1
19680.0,84.9,37.15,2.94,-0.037,1
19690.0,83.5,36.94,2.97,-0.032,1
19700.0,79.7,37.17,2.56,-0.08,1
19710.0,91.3,37.04,2.46,-0.035,1
19720.0,81.9,36.89,3.03,0.04,1
19730.0,82.8,37.14,2.41,-0.022,1
19740.0,77.1,36.78,2.61,0.028,1
19750.0,85.7,36.95,3.08,0.072,1
19760.0,88.2,37.09,2.94,0.043,1
19770.0,83.4,37.03,2.82,0.05,1
19780.0,82.0,37.25,3.01,-0.048,1
19790.0,80.8,37.04,2.27,-0.066,1
19800.0,81.2,37.1,3.46,0.026,1
19810.0,85.1,37.09,3.11,0.021,1
19820.0,78.0,37.13,2.84,0.032,1
19830.0,88.3,37.21,3.16,-0.057,1
19840.0,81.0,37.07,3.04,-0.033,1
19850.0,83.4,37.24,2.94,-0.061,1
19860.0,84.7,37.06,3.19,0.048,1
19870.0,83.4,37.02,3.56,0.009,1
19880.0,81.9,37.18,3.05,0.008,1
19890.0,82.9,37.25,3.33,0.01,1
19900.0,78.3,37.1,2.74,-0.029,1
19910.0,88.7,36.93,3.19,0.043,1
19920.0,85.3,37.16,2.73,-0.002,1
19930.0,82.6,37.1,2.54,-0.007,1
19940.0,85.4,37.24,2.98,0.097,1
19950.0,87.2,37.03,3.06,-0.041,1
19960.0,73.9,37.0,2.95,-0.071,1
19970.0,84.3,37.11,3.41,-0.046,1
19980.0,80.7,37.11,3.58,0.016,1
19990.0,79.9,37.12,2.65,0.088,1
20000.0,87.1,37.19,3.19,0.113,1
20010.0,86.9,37.2,3.12,-0.033,1
20020.0,88.2,37.0,3.09,-0.062,1
20030.0,78.6,37.04,2.64,0.043,1
20040.0,82.6,37.17,2.7,-0.007,1
20050.0,81.1,37.35,3.4,0.003,1
20060.0,86.2,37.11,3.08,0.019,1
20070.0,90.0,37.09,3.32,0.002,1
20080.0,83.6,37.13,3.49,0.087,1
20090.0,87.5,37.21,2.36,-0.015,1
20100.0,79.8,37.07,3.29,0.054,1
20110.0,86.7,37.07,2.84,-0.041,1
20120.0,82.5,37.3,3.64,0.012,1
20130.0,81.9,37.11,3.01,-0.023,1
20140.0,79.6,37.34,3.42,0.082,1
20150.0,87.1,37.19,3.04,-0.046,1
20160.0,88.4,37.24,3.22,0.01,1
20170.0,84.7,37.27,2.82,0.069,1
20180.0,87.0,37.32,2.74,-0.05,1
20190.0,91.2,36.9,2.91,0.037,1
20200.0,85.3,37.36,2.34,-0.011,1
20210.0,86.5,37.2,2.72,0.05,1
20220.0,90.7,37.1,2.87,0.001,1
20230.0,85.1,37.3,2.61,0.019,1
20240.0,88.7,37.35,3.25,-0.01,1
20250.0,87.8,37.29,2.93,0.01,1
20260.0,84.8,37.25,3.0,0.005,1
20270.0,86.2,37.52,2.87,-0.024,1
20280.0,83.0,37.21,3.32,-0.013,1
20290.0,79.7,37.35,3.27,0.06,1
20300.0,85.2,37.11,3.28,-0.026,1
20310.0,83.6,37.16,2.79,-0.04,1
20320.0,85.8,37.42,2.92,0.009,1
20330.0,89.0,37.07,2.21,-0.038,1
20340.0,82.4,37.35,2.94,0.02,1
20350.0,83.9,37.05,3.68,0.04,1
20360.0,81.8,37.36,3.45,0.095,1
20370.0,87.8,37.18,2.7,0.047,1
20380.0,88.3,37.44,3.39,-0.048,1
20390.0,89.8,37.53,3.31,-0.053,1
20400.0,86.4,37.46,3.11,-0.016,1
20410.0,88.9,37.18,3.22,-0.042,1
20420.0,85.7,37.1,3.54,-0.022,1
20430.0,96.8,37.25,3.28,0.047,1
20440.0,83.6,37.17,2.85,-0.082,1
20450.0,90.0,37.31,3.03,-0.037,1
20460.0,86.2,37.39,2.87,-0.062,1
20470.0,88.4,37.27,3.11,-0.032,1
20480.0,87.9,37.18,2.58,0.108,1
20490.0,86.3,37.16,3.54,-0.011,1
20500.0,88.2,37.48,3.0,-0.035,1
20510.0,83.7,37.42,2.95,0.091,1
20520.0,92.3,37.27,3.54,0.012,1
20530.0,86.4,37.37,2.71,-0.057,1
20540.0,81.2,37.4,3.37,0.071,1
20550.0,93.0,37.24,3.38,-0.037,1
20560.0,88.9,37.19,3.16,0.039,1
20570.0,85.8,37.23,3.56,0.034,1
20580.0,88.9,37.29,3.63,-0.105,1
20590.0,85.7,37.34,3.84,-0.062,1
20600.0,89.5,37.67,3.66,-0.053,1
20610.0,89.4,37.23,3.18,-0.054,1
20620.0,95.1,37.26,3.2,0.049,1
20630.0,89.3,37.51,3.34,0.01,1
20640.0,84.7,37.23,2.82,-0.014,1
20650.0,91.4,37.1,3.15,-0.094,1
20660.0,90.3,37.04,3.26,0.01,1
20670.0,86.4,37.25,3.35,0.001,1
20680.0,94.2,37.58,3.19,0.019,1
20690.0,96.1,37.41,3.93,-0.046,1
20700.0,89.3,37.2,2.92,-0.028,1
20710.0,87.4,37.32,3.5,0.106,1
20720.0,88.1,37.34,3.32,-0.004,1
20730.0,91.5,37.2,3.4,-0.071,1
20740.0,87.7,37.21,3.57,0.055,1
20750.0,94.0,37.33,3.51,0.021,1
20760.0,93.1,37.16,3.37,-0.049,1
20770.0,90.4,37.36,3.34,-0.047,1
20780.0,88.5,37.42,3.18,-0.007,1
20790.0,83.6,37.23,4.07,-0.008,1
20800.0,86.4,37.58,3.12,-0.039,1
20810.0,86.1,37.18,3.7,0.004,1
20820.0,89.3,37.44,3.55,0.004,1
20830.0,87.7,37.15,2.97,-0.04,1
20840.0,93.5,37.3,2.8,0.035,1
20850.0,89.0,37.36,3.49,0.004,1
20860.0,84.4,37.55,3.67,0.007,1
20870.0,95.2,37.31,3.5,-0.081,1
20880.0,79.2,37.29,3.52,-0.046,1
20890.0,89.6,37.34,3.51,0.11,1
20900.0,86.9,37.47,3.5,0.031,1
20910.0,89.1,37.25,3.39,0.002,1
20920.0,90.7,37.38,3.13,0.07,1
20930.0,93.3,37.47,4.13,0.058,1
20940.0,88.2,37.24,3.21,0.041,1
20950.0,89.9,37.63,2.91,0.01,1
20960.0,92.1,37.54,3.3,-0.09,1
20970.0,89.8,37.33,4.07,-0.058,1
20980.0,85.8,37.56,3.18,-0.092,1
20990.0,87.6,37.46,3.5,0.037,1
21000.0,85.7,37.47,3.16,0.057,1
21010.0,76.4,36.63,2.29,0.022,0
21020.0,75.0,36.61,1.94,0.026,0
21030.0,76.3,36.63,2.69,0.019,0
21040.0,78.7,36.53,2.0,-0.107,0
21050.0,75.3,36.54,1.79,0.011,0
21060.0,73.8,36.45,1.94,0.177,0
21070.0,76.3,36.63,1.66,-0.062,0
21080.0,72.2,36.63,1.63,0.071,0
21090.0,71.5,36.68,2.08,0.075,0
21100.0,71.7,36.91,2.06,0.06,0
21110.0,76.2,36.49,1.77,0.001,0
21120.0,72.7,36.61,2.26,0.064,0
21130.0,80.0,36.6,1.87,-0.087,0
21140.0,67.9,36.59,2.38,0.006,0
21150.0,76.3,36.5,1.87,0.058,0
21160.0,76.3,36.55,2.2,0.006,0
21170.0,78.3,36.65,1.9,-0.011,0
21180.0,70.9,36.44,1.87,0.068,0
21190.0,76.3,36.57,2.2,0.056,0
21200.0,73.2,36.54,2.96,-0.045,0
21210.0,73.3,36.56,1.7,-0.096,0
21220.0,75.3,36.54,2.13,-0.042,0
21230.0,78.8,36.59,1.75,-0.034,0
21240.0,74.2,36.74,1.83,-0.081,0
21250.0,80.2,36.42,2.71,-0.092,0
21260.0,73.8,36.56,2.26,0.035,0
21270.0,80.8,36.45,1.48,0.052,0
21280.0,81.8,36.72,2.22,0.059,0
21290.0,71.0,36.58,2.01,-0.005,0
21300.0,76.6,36.6,1.87,-0.058,0
21310.0,74.6,36.47,1.97,0.016,0
21320.0,73.0,36.67,2.31,-0.025,0
21330.0,73.9,36.67,1.7,-0.055,0
21340.0,73.9,36.6,1.84,0.029,0
21350.0,70.9,36.64,1.84,0.079,0
21360.0,77.7,36.61,1.99,-0.026,0
21370.0,67.0,36.61,2.34,-0.047,0
21380.0,72.5,36.61,1.62,-0.037,0
21390.0,73.7,36.61,2.62,-0.002,0
21400.0,76.1,36.59,2.09,0.008,0
21410.0,77.9,36.77,1.96,-0.018,0
21420.0,82.1,36.77,2.11,0.063,0
21430.0,79.9,36.58,2.29,0.009,0
21440.0,75.6,36.68,2.53,0.028,0
21450.0,77.8,36.69,2.4,0.031,0
21460.0,75.8,36.57,2.21,-0.017,0
21470.0,75.4,36.5,2.65,-0.053,0
21480.0,76.8,36.53,1.6,0.026,0
21490.0,79.7,36.53,2.19,0.093,0
21500.0,82.0,36.58,2.0,0.009,0
21510.0,77.4,36.59,2.22,0.001,0
21520.0,72.9,36.65,1.85,-0.046,0
21530.0,75.2,36.53,1.91,0.052,0
21540.0,73.4,36.49,2.2,0.058,0
21550.0,73.9,36.74,2.19,0.075,0
21560.0,72.3,36.43,2.18,0.003,0
21570.0,75.9,36.65,2.48,-0.03,0
21580.0,80.2,36.55,2.16,0.022,0
21590.0,72.8,36.65,1.71,-0.096,0
21600.0,78.0,36.71,1.58,-0.012,0
21610.0,71.7,36.67,2.34,-0.043,0
21620.0,68.5,36.65,2.18,-0.043,0
21630.0,73.5,36.52,2.01,0.042,0
21640.0,76.2,36.66,1.62,-0.028,0
21650.0,78.5,36.48,1.75,0.032,0
21660.0,69.5,36.5,2.24,-0.076,0
21670.0,72.7,36.66,1.67,0.043,0
21680.0,75.8,36.57,1.43,0.001,0
21690.0,70.3,36.43,2.12,0.014,0
21700.0,69.0,36.57,2.14,0.013,0
21710.0,75.6,36.57,2.32,0.008,0
21720.0,78.4,36.6,1.66,0.009,0
21730.0,71.0,36.64,2.57,0.003,0
21740.0,74.7,36.69,2.08,0.119,0
21750.0,74.9,36.63,2.31,-0.073,0
21760.0,77.1,36.56,1.91,0.038,0
21770.0,72.9,36.58,1.95,-0.004,0
21780.0,72.9,36.66,1.64,-0.094,0
21790.0,74.1,36.65,2.17,0.016,0
21800.0,74.0,36.64,1.96,-0.003,0
21810.0,67.4,36.56,1.41,0.106,0
21820.0,77.6,36.72,1.85,-0.004,0
21830.0,71.1,36.48,1.92,-0.028,0
21840.0,76.4,36.64,1.88,0.041,0
21850.0,71.5,36.47,2.15,0.027,0
21860.0,77.5,36.46,1.75,0.015,0
21870.0,76.0,36.79,1.69,0.107,0
21880.0,76.6,36.72,2.18,-0.037,0
21890.0,73.3,36.6,1.54,-0.082,0
21900.0,73.1,36.67,1.8,-0.004,0
21910.0,74.6,36.7,2.13,0.043,0
21920.0,78.5,36.5,1.37,-0.02,0
21930.0,78.4,36.67,1.89,0.096,0
21940.0,77.3,36.54,2.35,-0.079,0
21950.0,76.0,36.55,1.98,0.03,0
21960.0,77.8,36.61,1.93,-0.086,0
21970.0,70.3,36.34,2.05,0.046,0
21980.0,67.8,36.71,2.42,0.009,0
21990.0,79.6,36.6,1.62,-0.017,0
22000.0,79.8,36.54,2.13,0.027,0
22010.0,78.5,36.41,2.42,-0.047,0
22020.0,79.5,36.56,1.89,0.039,0
22030.0,78.9,36.55,1.92,-0.03,0
22040.0,73.3,36.65,1.97,0.063,0
22050.0,72.9,36.68,2.21,-0.014,0
22060.0,74.2,36.65,1.79,-0.018,0
22070.0,71.1,36.51,1.69,-0.047,0
22080.0,69.7,36.43,2.26,-0.007,0
22090.0,78.7,36.7,1.86,-0.046,0
22100.0,75.5,36.56,2.19,-0.099,0
22110.0,76.0,36.76,1.88,0.031,0
22120.0,71.3,36.54,1.74,0.077,0
22130.0,80.9,36.55,2.39,0.029,0
22140.0,73.8,36.76,1.83,-0.032,0
22150.0,71.9,36.69,1.71,-0.007,0
22160.0,74.0,36.55,1.93,-0.021,0
22170.0,79.8,36.64,2.03,-0.021,0
22180.0,71.2,36.54,1.99,-0.003,0
22190.0,75.5,36.75,1.87,0.071,0
22200.0,74.4,36.62,1.97,0.066,0
22210.0,72.5,36.68,2.52,-0.005,0
22220.0,66.3,36.49,1.87,0.02,0
22230.0,78.9,36.59,1.87,0.033,0
22240.0,74.5,36.6,1.85,0.082,0
22250.0,75.6,36.72,2.11,0.056,0
22260.0,77.6,36.68,2.14,-0.076,0
22270.0,70.3,36.5,2.35,0.033,0
22280.0,74.0,36.75,2.3,0.026,0
22290.0,77.2,36.66,1.63,0.002,0
22300.0,76.6,36.6,1.79,-0.086,0
22310.0,72.6,36.69,2.17,-0.079,0
22320.0,77.3,36.47,1.94,0.041,0
22330.0,74.0,36.46,1.22,-0.047,0
22340.0,73.7,36.64,1.82,-0.026,0
22350.0,73.4,36.53,2.56,0.013,0
22360.0,72.2,36.39,2.04,0.073,0
22370.0,76.5,36.86,1.83,0.026,0
22380.0,70.5,36.42,1.95,0.058,0
22390.0,80.0,36.61,1.73,-0.11,0
22400.0,73.2,36.59,1.82,-0.09,0
22410.0,75.0,36.56,2.13,-0.042,0
22420.0,73.8,36.6,2.1,-0.025,0
22430.0,72.6,36.49,2.01,-0.021,0
22440.0,80.0,36.58,2.03,0.045,0
22450.0,78.1,36.55,2.55,0.105,0
22460.0,73.9,36.6,2.08,-0.04,0
22470.0,74.7,36.5,1.97,-0.01,0
22480.0,76.0,36.65,1.97,0.063,0
22490.0,72.1,36.56,1.78,0.074,0
22500.0,74.3,36.58,2.38,-0.077,0
22510.0,71.9,36.59,1.83,0.043,0
22520.0,70.7,36.66,1.7,0.013,0
22530.0,77.6,36.79,1.55,0.005,0
22540.0,77.9,36.61,2.11,-0.035,0
22550.0,74.0,36.52,2.18,0.093,0
22560.0,75.5,36.61,1.36,-0.003,0
22570.0,76.7,36.43,2.05,-0.001,0
22580.0,69.0,36.64,1.87,0.006,0
22590.0,76.0,36.52,2.1,-0.025,0
22600.0,75.4,36.54,2.32,0.034,0
22610.0,74.0,36.67,1.87,0.011,0
22620.0,72.5,36.7,1.96,-0.034,0
22630.0,75.7,36.43,1.7,-0.015,0
22640.0,75.4,36.61,1.84,0.029,0
22650.0,71.3,36.57,2.32,0.029,0
22660.0,78.8,36.83,1.82,0.017,0
22670.0,72.6,36.49,2.13,0.001,0
22680.0,73.8,36.66,1.89,-0.075,0
22690.0,77.0,36.53,2.23,0.018,0
22700.0,67.1,36.57,1.72,0.046,0
22710.0,73.3,36.68,2.02,-0.029,0
22720.0,76.5,36.69,1.65,-0.077,0
22730.0,74.8,36.56,2.14,0.04,0
22740.0,70.0,36.56,1.53,-0.068,0
22750.0,70.0,36.56,1.53,-0.033,0
22760.0,72.4,36.57,2.0,-0.004,0
22770.0,71.3,36.6,1.87,0.023,0
22780.0,73.0,36.66,1.71,-0.046,0
22790.0,74.7,36.43,1.74,0.057,0
22800.0,77.0,36.56,2.71,-0.008,0
22810.0,75.5,36.74,2.1,-0.016,0
22820.0,77.1,36.66,1.78,-0.011,0
22830.0,75.4,36.61,1.74,0.015,0
22840.0,73.9,36.65,2.27,-0.041,0
22850.0,73.9,36.62,2.22,-0.029,0
22860.0,75.1,36.76,2.25,-0.012,0
22870.0,80.6,36.65,2.52,0.056,0
22880.0,83.6,36.75,1.86,0.04,0
22890.0,72.3,36.69,2.51,-0.042,0
22900.0,77.2,36.66,2.2,-0.059,0
22910.0,73.6,36.63,1.89,-0.048,0
22920.0,77.9,36.54,1.99,0.112,0
22930.0,78.1,36.6,2.12,0.014,0
22940.0,70.6,36.63,2.34,-0.004,0
22950.0,77.2,36.65,2.2,-0.053,0
22960.0,76.2,36.77,1.99,-0.013,0
22970.0,77.5,36.69,2.37,-0.006,0
22980.0,76.6,36.79,1.76,-0.069,0
22990.0,77.4,36.64,1.88,-0.032,0
23000.0,74.8,36.7,2.28,0.011,0
23010.0,73.6,36.35,2.14,0.034,0
23020.0,74.6,36.83,1.78,0.074,0
23030.0,77.3,36.58,1.52,0.07,0
23040.0,75.2,36.78,2.02,0.073,0
23050.0,70.7,36.47,1.88,-0.108,0
23060.0,75.9,36.52,2.23,-0.097,0
23070.0,78.5,36.61,2.27,-0.009,0
23080.0,70.0,36.73,2.22,0.048,0
23090.0,75.4,36.78,2.76,0.069,0
23100.0,70.8,36.63,1.8,-0.067,0
23110.0,74.6,36.72,1.87,-0.029,0
23120.0,74.1,36.81,2.16,-0.035,0
23130.0,80.2,36.61,1.75,-0.024,0
23140.0,72.5,36.59,1.98,0.01,0
23150.0,73.4,36.66,2.48,-0.029,0
23160.0,78.9,36.62,1.95,0.037,0
23170.0,76.5,36.66,1.79,-0.05,0
23180.0,68.7,36.64,1.73,-0.029,0
23190.0,74.7,36.48,2.43,-0.014,0
23200.0,76.6,36.69,1.46,-0.018,0
23210.0,77.5,36.5,2.1,-0.044,0
23220.0,76.2,36.55,2.03,0.064,0
23230.0,77.2,36.53,2.16,0.02,0
23240.0,78.6,36.61,2.02,0.04,0
23250.0,77.5,36.94,2.46,0.001,0
23260.0,74.8,36.53,1.55,0.006,0
23270.0,68.6,36.8,1.76,0.065,0
23280.0,74.7,36.66,1.62,0.03,0
23290.0,75.4,36.8,1.62,-0.065,0
23300.0,72.0,36.4,1.75,-0.047,0
23310.0,74.9,36.61,1.56,0.061,0
23320.0,76.8,36.69,2.36,-0.048,0
23330.0,73.3,36.64,2.39,0.017,0
23340.0,75.0,36.53,1.61,0.059,0
23350.0,73.9,36.61,2.52,-0.017,0
23360.0,75.3,36.56,1.62,0.018,0
23370.0,69.2,36.75,1.39,-0.012,0
23380.0,73.5,36.71,1.79,-0.078,0
23390.0,71.2,36.39,2.27,0.094,0
23400.0,78.7,36.61,2.11,-0.016,0
23410.0,73.4,36.65,1.61,0.029,0
23420.0,75.0,36.67,2.16,-0.059,0
23430.0,77.4,36.76,2.24,-0.044,0
23440.0,77.7,36.65,1.44,-0.01,0
23450.0,77.5,36.59,2.17,-0.028,0
23460.0,75.9,36.73,2.16,0.014,0
23470.0,75.3,36.59,1.78,-0.016,0
23480.0,75.6,36.4,2.39,-0.025,0
23490.0,71.5,36.8,2.06,0.054,0
23500.0,73.0,36.71,2.22,-0.016,0
23510.0,69.9,36.71,1.94,0.059,0
23520.0,74.0,36.59,2.11,0.099,0
23530.0,72.6,36.56,1.84,-0.032,0
23540.0,74.8,36.71,1.89,0.094,0
23550.0,78.9,36.59,1.78,0.037,0
23560.0,79.5,36.7,1.79,-0.008,0
23570.0,70.6,36.47,2.29,0.03,0
23580.0,79.9,36.48,2.41,0.065,0
23590.0,81.2,36.69,1.23,0.028,0
23600.0,69.4,36.38,2.08,0.04,0
23610.0,69.9,36.38,1.87,0.026,0
23620.0,75.0,36.57,1.64,-0.017,0
23630.0,78.0,36.62,2.1,0.089,0
23640.0,81.0,36.79,2.8,-0.043,0
23650.0,71.4,36.65,1.92,0.002,0
23660.0,68.8,36.63,1.88,-0.019,0
23670.0,74.6,36.44,1.82,0.074,0
23680.0,76.0,36.74,1.64,0.013,0
23690.0,71.8,36.81,1.66,0.051,0
23700.0,73.8,36.72,1.6,-0.026,0
23710.0,76.9,36.59,2.05,-0.021,0
23720.0,74.4,36.58,1.77,0.101,0
23730.0,79.9,36.74,2.22,0.051,0
23740.0,73.0,36.49,2.39,0.025,0
23750.0,78.9,36.65,1.79,-0.057,0
23760.0,76.8,36.69,2.18,-0.047,0
23770.0,75.8,36.63,1.81,0.07,0
23780.0,74.7,36.76,2.13,-0.005,0
23790.0,75.6,36.4,2.02,-0.114,0
23800.0,73.6,36.65,1.9,0.079,0
23810.0,75.2,36.67,1.98,0.022,0
23820.0,74.3,36.67,2.37,0.01,0
23830.0,79.4,36.58,2.41,0.043,0
23840.0,74.5,36.68,2.23,0.048,0
23850.0,68.9,36.5,1.93,0.015,0
23860.0,76.9,36.56,2.25,-0.105,0
23870.0,70.9,36.55,2.63,0.046,0
23880.0,73.9,36.77,1.71,-0.036,0
23890.0,75.8,36.61,2.13,-0.017,0
23900.0,77.1,36.61,2.37,0.041,0
23910.0,73.0,36.48,2.32,-0.055,0
23920.0,78.2,36.57,2.19,-0.031,0
23930.0,76.4,36.72,1.87,-0.044,0
23940.0,72.6,36.37,1.75,0.062,0
23950.0,69.9,36.55,2.04,0.006,0
23960.0,72.5,36.73,2.23,-0.048,0
23970.0,74.6,36.54,2.15,0.074,0
23980.0,76.5,36.76,1.97,-0.08,0
23990.0,72.8,36.67,1.98,0.006,0
24000.0,73.7,36.55,2.35,0.093,0
24010.0,73.6,36.54,2.26,0.078,0
24020.0,78.3,36.79,2.35,0.041,0
24030.0,78.8,36.65,2.04,0.03,0
24040.0,76.6,36.54,2.17,0.01,0
24050.0,76.6,36.61,2.13,0.017,0
24060.0,71.7,36.53,1.56,0.072,0
24070.0,75.0,36.63,2.0,-0.05,0
24080.0,74.5,36.6,1.47,0.026,0
24090.0,76.1,36.57,2.44,0.02,0
24100.0,77.7,36.64,2.12,-0.108,0
24110.0,73.4,36.59,1.67,-0.012,0
24120.0,77.8,36.6,1.61,0.024,0
24130.0,69.2,36.66,1.84,0.095,0
24140.0,70.6,36.6,1.67,-0.019,0
24150.0,81.5,36.56,1.64,0.031,0
24160.0,73.9,36.56,1.9,-0.017,0
24170.0,78.5,36.44,2.02,0.013,0
24180.0,75.5,36.49,1.69,-0.016,0
24190.0,72.0,36.63,2.35,0.003,0
24200.0,74.1,36.39,2.09,-0.04,0
24210.0,74.0,36.53,1.94,0.01,0
24220.0,76.2,36.71,1.94,-0.011,0
24230.0,78.7,36.69,2.39,0.047,0
24240.0,82.3,36.67,1.68,0.037,0
24250.0,76.1,36.56,1.86,-0.009,0
24260.0,68.6,36.35,2.02,-0.025,0
24270.0,73.3,36.57,1.54,0.037,0
24280.0,74.1,36.6,2.28,-0.017,0
24290.0,77.7,36.64,2.26,0.048,0
24300.0,76.5,36.59,2.15,-0.052,0
24310.0,76.1,36.68,1.71,0.064,0
24320.0,74.8,36.64,1.64,-0.111,0
24330.0,78.6,36.59,2.3,-0.009,0
24340.0,72.4,36.77,1.98,0.006,0
24350.0,74.5,36.46,2.16,0.021,0
24360.0,77.7,36.52,1.53,0.029,0
24370.0,78.9,36.44,1.58,-0.028,0
24380.0,70.5,36.56,2.11,0.036,0
24390.0,76.6,36.59,2.38,-0.095,0
24400.0,71.8,36.6,1.77,-0.007,0
24410.0,76.4,36.54,1.84,-0.013,0
24420.0,77.6,36.66,2.24,0.008,0
24430.0,75.5,36.72,1.74,0.059,0
24440.0,75.5,36.6,1.85,0.061,0
24450.0,77.5,36.46,2.1,-0.036,0
24460.0,74.2,36.45,2.05,0.01,0
24470.0,75.8,36.56,1.92,-0.094,0
24480.0,77.9,36.42,2.12,-0.011,0
24490.0,76.7,36.62,1.7,0.028,0
24500.0,74.9,36.58,2.07,0.058,0
24510.0,73.9,36.64,2.06,-0.021,0
24520.0,73.2,36.5,2.15,-0.03,0
24530.0,71.2,36.59,2.29,0.058,0
24540.0,66.4,36.61,2.16,0.024,0
24550.0,74.7,36.76,2.38,-0.004,0
24560.0,73.8,36.63,2.14,0.003,0
24570.0,75.4,36.75,2.47,0.039,0
24580.0,77.8,36.69,1.94,0.022,0
24590.0,75.8,36.72,2.09,0.043,0
24600.0,74.6,36.67,2.08,-0.038,0
24610.0,77.2,36.7,1.51,-0.087,0
24620.0,75.7,36.64,1.73,0.014,0
24630.0,74.7,36.4,2.05,-0.049,0
24640.0,76.7,36.55,2.11,0.059,0
24650.0,73.7,36.59,2.37,0.028,0
24660.0,74.8,36.75,1.94,-0.011,0
24670.0,72.3,36.66,1.69,0.067,0
24680.0,73.3,36.65,2.01,0.026,0
24690.0,76.2,36.61,1.89,0.013,0
24700.0,78.7,36.57,1.66,0.033,0
24710.0,75.8,36.74,2.16,0.062,0
24720.0,80.2,36.57,1.97,0.055,0
24730.0,75.2,36.56,1.92,-0.031,0
24740.0,68.9,36.66,1.78,-0.073,0
24750.0,77.6,36.46,2.34,0.033,0
24760.0,76.3,36.48,1.45,-0.036,0
24770.0,67.4,36.37,2.26,0.101,0
24780.0,75.4,36.6,1.82,0.045,0
24790.0,70.4,36.62,2.55,0.008,0
24800.0,74.1,36.75,2.57,0.075,0
24810.0,74.7,36.68,2.46,-0.025,0
24820.0,72.4,36.64,1.7,-0.06,0
24830.0,73.3,36.52,1.71,0.008,0
24840.0,75.9,36.46,2.12,0.009,0
24850.0,72.0,36.6,2.08,0.018,0
24860.0,77.7,36.68,2.01,-0.045,0
24870.0,73.6,36.62,2.39,-0.115,0
24880.0,75.3,36.59,2.08,-0.069,0
24890.0,77.7,36.6,1.92,0.02,0
24900.0,76.0,36.6,1.84,-0.011,0
24910.0,75.1,36.78,2.03,0.033,0
24920.0,77.6,36.6,2.41,-0.084,0
24930.0,75.9,36.71,2.15,-0.089,0
24940.0,75.9,36.6,2.02,-0.016,0
24950.0,77.5,36.59,2.38,0.008,0
24960.0,73.2,36.79,1.76,-0.017,0
24970.0,76.0,36.45,2.06,-0.03,0
24980.0,81.8,36.58,1.7,0.017,0
24990.0,75.3,36.68,1.74,0.077,0
25000.0,76.1,36.53,2.04,0.032,0
25010.0,76.5,36.48,1.42,-0.068,0
25020.0,75.7,36.64,1.2,0.014,0
25030.0,72.8,36.48,1.81,0.003,0
25040.0,74.7,36.38,2.44,0.032,0
25050.0,75.5,36.43,1.75,-0.003,0
25060.0,77.3,36.71,2.75,0.008,0
25070.0,73.0,36.68,1.7,0.018,0
25080.0,81.4,36.57,1.81,-0.069,0
25090.0,75.4,36.45,1.67,-0.067,0
25100.0,78.2,36.58,2.41,0.011,0
25110.0,73.6,36.66,2.19,0.06,0
25120.0,72.4,36.6,1.65,0.012,0
25130.0,66.9,36.5,1.77,-0.001,0
25140.0,78.1,36.43,2.26,0.017,0
25150.0,76.2,36.57,2.22,-0.009,0
25160.0,72.3,36.58,2.03,-0.052,0
25170.0,67.7,36.67,1.77,-0.127,0
25180.0,75.4,36.58,1.59,-0.033,0
25190.0,77.9,36.44,1.84,0.022,0
25200.0,70.4,36.78,2.26,0.086,0
25210.0,74.9,36.75,2.04,-0.014,0
25220.0,71.6,36.63,1.8,-0.036,0
25230.0,75.4,36.77,2.39,0.041,0
25240.0,74.9,36.61,2.44,0.025,0
25250.0,67.0,36.84,1.99,0.003,0
25260.0,75.6,36.61,1.94,-0.075,0
25270.0,71.2,36.77,1.78,0.055,0
25280.0,75.9,36.37,1.62,-0.04,0
25290.0,77.1,36.57,2.22,-0.014,0
25300.0,76.9,36.49,1.85,0.016,0
25310.0,74.1,36.6,2.01,0.039,0
25320.0,75.1,36.59,2.1,0.027,0
25330.0,75.4,36.49,2.25,0.032,0
25340.0,74.0,36.65,2.57,-0.013,0
25350.0,74.9,36.63,2.88,0.009,0
25360.0,73.1,36.47,1.9,-0.002,0
25370.0,76.8,36.6,2.02,0.01,0
25380.0,75.5,36.72,1.72,0.094,0
25390.0,79.1,36.7,1.75,-0.007,0
25400.0,72.8,36.51,1.92,-0.007,0
25410.0,73.9,36.6,2.25,0.038,0
25420.0,76.1,36.59,1.88,0.015,0
25430.0,78.0,36.73,1.62,-0.004,0
25440.0,72.3,36.45,2.34,0.063,0
25450.0,74.4,36.55,1.89,-0.088,0
25460.0,78.3,36.55,1.93,0.015,0
25470.0,68.9,36.6,2.04,-0.028,0
25480.0,81.4,36.48,2.14,-0.052,0
25490.0,75.8,36.49,2.28,0.017,0
25500.0,70.1,36.61,1.84,-0.008,0
25510.0,70.0,36.74,1.71,-0.012,0
25520.0,72.4,36.58,1.97,-0.004,0
25530.0,79.2,36.59,2.48,-0.071,0
25540.0,78.6,36.7,2.33,0.107,0
25550.0,67.4,36.39,2.02,-0.105,0
25560.0,69.0,36.58,1.85,-0.091,0
25570.0,73.1,36.67,2.14,0.037,0
25580.0,73.6,36.72,2.55,0.01,0
25590.0,73.6,36.6,1.63,-0.017,0
25600.0,76.8,36.64,2.15,-0.081,0
25610.0,77.1,36.55,1.93,-0.036,0
25620.0,79.5,36.47,1.97,-0.066,0
25630.0,77.9,36.61,1.67,0.004,0
25640.0,72.5,36.68,2.61,-0.066,0
25650.0,79.2,36.72,1.9,0.036,0
25660.0,75.7,36.6,1.85,0.035,0
25670.0,73.4,36.7,1.74,0.104,0
25680.0,71.6,36.88,1.89,0.039,0
25690.0,78.0,36.62,2.34,-0.03,0
25700.0,71.3,36.61,2.23,-0.029,0
25710.0,75.9,36.47,2.07,-0.022,0
25720.0,75.6,36.61,1.72,0.007,0
25730.0,73.4,36.69,2.28,0.01,0
25740.0,75.3,36.67,2.28,0.078,0
25750.0,74.3,36.47,2.29,0.079,0
25760.0,75.2,36.6,2.48,-0.054,0
25770.0,74.1,36.54,2.01,0.052,0
25780.0,71.3,36.7,1.75,0.022,0
25790.0,68.2,36.4,1.95,0.063,0
25800.0,78.2,36.44,2.33,0.026,0
25810.0,76.3,36.83,1.81,0.049,0
25820.0,75.1,36.76,2.1,-0.026,0
25830.0,73.0,36.62,1.76,-0.146,0
25840.0,78.9,36.71,2.0,0.036,0
25850.0,77.3,36.61,1.48,0.017,0
25860.0,74.2,36.8,2.2,0.033,0
25870.0,79.5,36.61,2.6,-0.051,0
25880.0,74.7,36.73,1.63,-0.018,0
25890.0,76.5,36.65,1.81,0.073,0
25900.0,72.0,36.62,1.8,-0.092,0
25910.0,72.9,36.57,1.61,0.062,0
25920.0,75.5,36.63,1.97,-0.006,0
25930.0,76.7,36.55,1.32,-0.093,0
25940.0,75.9,36.57,2.8,0.045,0
25950.0,76.2,36.44,1.8,0.049,0
25960.0,75.6,36.51,1.64,0.027,0
25970.0,73.1,36.55,1.94,0.069,0
25980.0,74.3,36.74,1.88,-0.072,0
25990.0,74.2,36.6,1.52,-0.052,0
26000.0,76.7,36.55,2.25,-0.07,0
26010.0,72.5,36.67,2.03,-0.084,0
26020.0,75.8,36.74,1.94,-0.028,0
26030.0,78.1,36.54,2.17,-0.015,0
26040.0,71.8,36.54,1.32,0.04,0
26050.0,77.0,36.62,1.82,0.039,0
26060.0,76.9,36.68,2.12,-0.012,0
26070.0,74.3,36.4,1.63,0.022,0
26080.0,79.6,36.68,1.93,-0.041,0
26090.0,77.1,36.62,1.75,0.011,0
26100.0,77.3,36.44,1.97,0.064,0
26110.0,78.1,36.6,1.7,-0.071,0
26120.0,77.7,36.55,2.19,0.058,0
26130.0,72.7,36.57,2.35,-0.01,0
26140.0,76.7,36.57,1.65,0.026,0
26150.0,79.6,36.64,2.18,0.032,0
26160.0,80.0,36.57,1.33,0.063,0
26170.0,70.6,36.55,1.76,-0.04,0
26180.0,77.7,36.67,1.75,0.062,0
26190.0,74.3,36.79,1.89,-0.022,0
26200.0,73.9,36.51,2.17,-0.034,0
26210.0,74.2,36.65,2.59,-0.033,0
26220.0,73.4,36.54,2.14,-0.024,0
26230.0,72.3,36.61,2.17,-0.024,0
26240.0,75.3,36.63,2.0,0.016,0
26250.0,72.5,36.5,1.76,-0.117,0
26260.0,71.4,36.67,2.2,-0.066,0
26270.0,69.9,36.6,2.16,-0.039,0
26280.0,73.2,36.68,2.5,-0.03,0
26290.0,76.7,36.6,2.33,-0.057,0
26300.0,75.1,36.54,1.98,0.044,0
26310.0,74.9,36.52,2.27,0.026,0
26320.0,75.7,36.48,2.15,-0.033,0
26330.0,72.0,36.51,2.17,0.023,0
26340.0,75.0,36.38,2.32,0.042,0
26350.0,73.3,36.74,1.71,0.005,0
26360.0,75.3,36.62,1.58,-0.078,0
26370.0,74.7,36.51,2.1,0.006,0
26380.0,79.0,36.73,2.02,0.075,0
26390.0,75.6,36.6,2.51,-0.047,0
26400.0,70.4,36.58,2.06,0.031,0
26410.0,71.6,36.58,1.63,-0.014,0
26420.0,79.0,36.61,1.71,-0.098,0
26430.0,73.9,36.6,2.0,-0.066,0
26440.0,75.6,36.42,2.04,-0.008,0
26450.0,77.0,36.71,1.3,0.033,0
26460.0,78.2,36.67,1.84,0.055,0
26470.0,73.3,36.49,1.99,-0.006,0
26480.0,77.6,36.53,2.04,-0.057,0
26490.0,79.0,36.66,1.32,0.06,0
26500.0,75.5,36.61,2.54,-0.082,0
26510.0,76.3,36.56,1.73,0.067,0
26520.0,72.4,36.54,2.09,0.06,0
26530.0,74.0,36.68,2.51,0.089,0
26540.0,78.7,36.72,2.29,-0.066,0
26550.0,76.2,36.64,2.17,-0.044,0
26560.0,76.7,36.7,2.08,-0.053,0
26570.0,73.2,36.64,2.04,-0.072,0
26580.0,76.0,36.49,1.7,-0.056,0
26590.0,70.6,36.39,1.59,0.007,0
26600.0,75.7,36.57,1.9,0.003,0
26610.0,73.0,36.53,2.08,0.056,0
26620.0,72.4,36.61,1.71,0.022,0
26630.0,82.5,36.66,2.12,0.022,0
26640.0,75.4,36.57,1.61,0.0,0
26650.0,74.7,36.59,2.07,0.028,0
26660.0,76.2,36.57,2.12,-0.04,0
26670.0,70.2,36.55,2.0,-0.086,0
26680.0,75.3,36.62,2.25,0.018,0
26690.0,71.0,36.63,2.01,0.021,0
26700.0,78.2,36.53,1.91,-0.001,0
26710.0,73.6,36.41,2.26,-0.105,0
26720.0,75.9,36.47,1.7,0.031,0
26730.0,78.7,36.63,1.92,-0.008,0
26740.0,78.8,36.72,2.15,0.059,0
26750.0,73.6,36.67,1.62,-0.025,0
26760.0,73.8,36.72,1.94,0.048,0
26770.0,73.3,36.67,2.16,-0.11,0
26780.0,78.0,36.55,1.63,-0.044,0
26790.0,73.3,36.52,1.74,-0.012,0
26800.0,76.3,36.72,2.48,0.111,0
26810.0,75.9,36.59,2.22,-0.057,0
26820.0,74.3,36.64,1.72,0.049,0
26830.0,76.4,36.56,2.12,-0.011,0
26840.0,69.8,36.71,1.98,0.014,0
26850.0,77.0,36.42,1.96,-0.036,0
26860.0,79.2,36.6,1.96,-0.021,0
26870.0,79.7,36.53,1.69,-0.041,0
26880.0,73.1,36.6,2.21,-0.041,0
26890.0,79.4,36.63,1.57,-0.096,0
26900.0,75.1,36.53,1.74,-0.03,0
26910.0,73.2,36.62,2.14,-0.005,0
26920.0,75.7,36.5,1.9,0.009,0
26930.0,75.1,36.68,2.02,-0.102,0
26940.0,73.3,36.76,1.81,-0.011,0
26950.0,68.6,36.49,1.78,0.096,0
26960.0,75.0,36.58,1.9,-0.066,0
26970.0,78.2,36.43,1.96,-0.107,0
26980.0,73.2,36.37,1.76,0.045,0
26990.0,70.6,36.54,2.26,0.108,0
27000.0,75.7,36.55,1.9,-0.035,0
27010.0,74.3,36.9,2.29,0.03,0
27020.0,76.1,36.61,2.04,0.082,0
27030.0,75.4,36.58,1.69,0.007,0
27040.0,73.2,36.58,1.71,0.003,0
27050.0,73.0,36.47,2.38,-0.073,0
27060.0,72.7,36.64,2.3,-0.001,0
27070.0,74.6,36.47,1.79,-0.085,0
27080.0,74.5,36.65,2.12,-0.088,0
27090.0,76.9,36.73,1.89,0.079,0
27100.0,73.6,36.45,1.96,-0.015,0
27110.0,78.2,36.5,2.12,-0.086,0
27120.0,73.4,36.56,1.85,-0.078,0
27130.0,73.4,36.6,2.32,-0.038,0
27140.0,71.9,36.83,1.36,-0.038,0
27150.0,71.8,36.43,1.97,0.055,0
27160.0,78.1,36.66,2.36,-0.012,0
27170.0,75.0,36.62,2.38,-0.02,0
27180.0,78.6,36.76,2.09,0.041,0
27190.0,71.5,36.66,2.17,0.013,0
27200.0,77.6,36.62,1.9,-0.006,0
27210.0,74.7,36.6,1.89,-0.02,0
27220.0,76.9,36.6,1.65,0.028,0
27230.0,72.3,36.79,1.7,0.096,0
27240.0,76.4,36.56,1.77,0.03,0
27250.0,73.9,36.53,1.81,-0.001,0
27260.0,75.2,36.72,1.93,0.029,0
27270.0,73.7,36.51,1.79,-0.158,0
27280.0,75.1,36.56,1.93,-0.028,0
27290.0,75.1,36.74,2.2,-0.044,0
27300.0,79.4,36.85,1.99,-0.005,0
27310.0,77.5,36.67,1.87,-0.025,0
27320.0,73.7,36.73,1.9,-0.0,0
27330.0,78.0,36.73,1.73,-0.062,0
27340.0,76.0,36.61,2.23,-0.072,0
27350.0,74.0,36.62,1.71,0.025,0
27360.0,78.6,36.5,2.24,-0.006,0
27370.0,73.2,36.55,2.27,-0.021,0
27380.0,73.8,36.7,2.24,-0.023,0
27390.0,80.6,36.69,2.46,0.089,0
27400.0,73.3,36.53,1.45,0.074,0
27410.0,70.1,36.63,1.66,-0.006,0
27420.0,75.0,36.78,2.19,0.147,0
27430.0,75.6,36.63,1.67,-0.034,0
27440.0,70.7,36.6,1.76,-0.02,0
27450.0,71.1,36.52,2.01,-0.099,0
27460.0,80.5,36.74,2.7,-0.049,0
27470.0,73.5,36.81,2.53,-0.023,0
27480.0,71.5,36.79,1.79,0.032,0
27490.0,76.8,36.57,1.62,0.054,0
27500.0,71.0,36.45,2.01,-0.068,0
27510.0,76.1,36.75,2.31,0.086,0
27520.0,77.4,36.57,1.6,-0.058,0
27530.0,77.1,36.67,1.79,-0.01,0
27540.0,77.0,36.56,2.54,0.015,0
27550.0,77.2,36.59,2.13,-0.076,0
27560.0,74.9,36.52,2.75,0.008,0
27570.0,74.4,36.64,2.1,0.0,0
27580.0,77.0,36.66,2.02,0.076,0
27590.0,70.2,36.56,1.88,-0.001,0
27600.0,74.1,36.55,2.37,-0.05,0
27610.0,76.4,36.55,2.11,0.066,0
27620.0,65.5,36.52,1.75,-0.008,0
27630.0,77.7,36.78,2.27,-0.007,0
27640.0,73.5,36.75,1.55,0.02,0
27650.0,78.6,36.57,2.09,-0.067,0
27660.0,76.5,36.61,2.16,-0.022,0
27670.0,71.7,36.71,2.34,0.028,0
27680.0,76.2,36.36,2.36,0.024,0
27690.0,78.8,36.48,2.2,0.03,0
27700.0,64.7,36.59,2.0,-0.048,0
27710.0,76.4,36.62,1.81,-0.027,0
27720.0,70.0,36.64,2.09,-0.006,0
27730.0,74.2,36.67,2.05,0.041,0
27740.0,75.6,36.69,2.26,0.048,0
27750.0,73.2,36.67,2.0,-0.006,0
27760.0,73.6,36.63,1.42,0.017,0
27770.0,76.0,36.71,2.04,0.069,0
27780.0,73.8,36.55,2.48,-0.029,0
27790.0,68.3,36.76,2.51,-0.008,0
27800.0,74.8,36.55,2.56,0.077,0
27810.0,73.4,36.61,2.54,0.103,0
27820.0,76.3,36.66,2.02,-0.024,0
27830.0,77.2,36.77,1.78,0.017,0
27840.0,75.9,36.48,2.05,-0.001,0
27850.0,74.1,36.75,1.92,-0.038,0
27860.0,77.5,36.64,2.07,0.043,0
27870.0,75.1,36.58,1.82,0.05,0
27880.0,79.7,36.85,2.25,0.096,0
27890.0,73.5,36.53,1.69,0.008,0
27900.0,74.4,36.78,1.92,-0.009,0
27910.0,77.9,36.72,2.2,0.046,0
27920.0,77.8,36.81,1.48,-0.025,0
27930.0,80.0,36.61,2.26,-0.117,0
27940.0,73.1,36.43,1.82,-0.013,0
27950.0,76.1,36.74,2.24,0.035,0
27960.0,73.8,36.49,1.98,-0.039,0
27970.0,72.4,36.46,2.03,0.01,0
27980.0,78.8,36.73,2.2,0.144,0
27990.0,73.3,36.57,1.95,-0.012,0
28000.0,70.2,36.54,2.14,0.058,0
28010.0,71.3,36.49,1.72,0.026,0
28020.0,72.3,36.47,1.59,-0.01,0
28030.0,75.1,36.69,2.22,0.056,0
28040.0,75.1,36.52,2.1,-0.063,0
28050.0,76.6,36.64,2.38,0.051,0
28060.0,76.8,36.43,1.88,0.034,0
28070.0,79.6,36.67,1.62,0.086,0
28080.0,75.4,36.66,2.2,-0.029,0
28090.0,72.7,36.63,1.77,-0.025,0
28100.0,74.2,36.42,2.22,0.063,0
28110.0,76.8,36.41,2.14,0.058,0
28120.0,73.8,36.64,2.18,-0.039,0
28130.0,72.5,36.41,1.84,-0.043,0
28140.0,74.3,36.69,2.25,-0.057,0
28150.0,74.1,36.61,1.23,-0.003,0
28160.0,74.3,36.58,2.1,-0.056,0
28170.0,76.5,36.62,2.45,0.001,0
28180.0,79.2,36.75,2.11,-0.004,0
28190.0,72.9,36.63,2.54,0.015,0
28200.0,76.1,36.76,2.55,0.0,0
28210.0,76.3,36.51,2.07,0.027,0
28220.0,75.0,36.54,1.76,0.047,0
28230.0,76.3,36.61,1.6,-0.002,0
28240.0,74.0,36.46,2.3,0.038,0
28250.0,75.6,36.45,2.27,0.011,0
28260.0,75.5,36.62,1.78,0.001,0
28270.0,78.4,36.45,2.3,0.02,0
28280.0,76.8,36.58,1.95,-0.065,0
28290.0,74.0,36.63,2.45,0.013,0
28300.0,71.0,36.6,1.82,-0.003,0
28310.0,75.3,36.8,2.11,0.019,0
28320.0,76.4,36.54,2.46,0.019,0
28330.0,74.3,36.66,2.42,0.017,0
28340.0,75.0,36.61,2.22,0.024,0
28350.0,75.7,36.58,2.09,-0.07,0
28360.0,78.8,36.61,1.68,-0.015,0
28370.0,77.4,36.76,2.16,0.033,0
28380.0,73.9,36.79,1.95,0.004,0
28390.0,75.3,36.76,2.11,0.043,0
28400.0,73.5,36.65,1.85,-0.028,0
28410.0,77.0,36.57,1.81,0.063,0
28420.0,72.6,36.79,2.32,0.087,0
28430.0,73.0,36.67,2.07,0.047,0
28440.0,73.4,36.71,2.19,-0.008,0
28450.0,70.5,36.7,1.96,-0.04,0
28460.0,73.6,36.66,1.96,0.008,0
28470.0,75.8,36.5,2.18,0.032,0
28480.0,81.4,36.67,2.1,-0.082,0
28490.0,77.0,36.79,1.84,-0.074,0
28500.0,72.9,36.68,1.88,-0.038,0
28510.0,75.9,36.62,2.42,-0.021,0
28520.0,75.3,36.39,1.84,0.015,0
28530.0,74.2,36.38,2.19,0.026,0
28540.0,72.3,36.67,1.62,-0.036,0
28550.0,79.2,36.73,2.21,-0.031,0
28560.0,76.3,36.65,1.48,-0.053,0
28570.0,78.3,36.34,2.02,-0.002,0
28580.0,72.6,36.6,2.0,0.007,0
28590.0,74.6,36.66,2.22,-0.043,0
28600.0,78.0,36.58,1.38,-0.023,0
28610.0,74.8,36.45,1.96,-0.016,0
28620.0,76.0,36.56,1.96,0.048,0
28630.0,75.9,36.63,1.9,-0.049,0
28640.0,76.7,36.5,2.47,-0.053,0
28650.0,74.3,36.7,1.98,0.019,0
28660.0,75.5,36.45,1.71,-0.013,0
28670.0,74.7,36.67,2.02,-0.007,0
28680.0,73.8,36.68,1.8,-0.057,0
28690.0,74.5,36.68,1.82,0.011,0
28700.0,72.2,36.52,2.43,-0.104,0
28710.0,72.8,36.43,1.76,0.041,0
28720.0,79.5,36.47,2.22,-0.066,0
28730.0,73.0,36.63,1.47,-0.034,0
28740.0,74.7,36.39,1.75,-0.026,0
28750.0,72.8,36.55,2.1,0.01,0
28760.0,78.8,36.57,1.54,-0.106,0
28770.0,79.0,36.59,2.09,0.041,0
28780.0,75.6,36.72,2.22,0.049,0
28790.0,72.5,36.68,2.13,-0.048,0
