Время (ч),ЧСС (уд/мин),T_кожи (°C),КГР (мкСм),Акселерометр (g),P(стресс) текущий,P(стресс) прогноз 40 мин,Тревога
0.0,76.5,36.59,2.19,0.08,0.403,0.405,нет
0.02,74.3,36.58,2.47,0.065,0.392,0.45,нет
0.03,73.6,36.65,1.86,0.041,0.377,0.317,нет
0.05,75.7,36.41,1.48,0.039,0.269,0.397,нет
0.07,72.0,36.63,1.73,0.022,0.338,0.442,нет
0.08,79.4,36.58,2.02,0.022,0.421,0.338,нет
0.1,73.4,36.61,1.65,0.058,0.34,0.414,нет
0.12,73.2,36.57,1.82,0.087,0.331,0.275,нет
0.13,75.0,36.49,2.25,0.026,0.345,0.331,нет
0.15,75.6,36.4,1.6,0.054,0.273,0.355,нет
0.17,77.2,36.62,1.97,0.044,0.41,0.441,нет
0.18,70.6,36.53,1.86,0.071,0.288,0.3,нет
0.2,76.0,36.42,2.1,0.042,0.316,0.598,нет
0.22,73.0,36.66,2.31,0.069,0.405,0.437,нет
0.23,72.5,36.57,2.1,0.07,0.341,0.33,нет
0.25,73.6,36.58,1.67,0.026,0.33,0.386,нет
0.27,77.4,36.74,1.98,0.07,0.472,0.414,нет
0.28,76.1,36.54,2.11,0.081,0.368,0.369,нет
0.3,74.9,36.76,1.21,0.066,0.395,0.394,нет
0.32,75.3,36.57,2.03,0.01,0.369,0.304,нет
0.33,74.3,36.64,2.44,0.04,0.419,0.355,нет
0.35,72.6,36.55,2.27,0.057,0.345,0.312,нет
0.37,73.4,36.65,2.03,0.069,0.385,0.433,нет
0.38,72.9,36.57,1.88,0.021,0.33,0.472,нет
0.4,75.9,36.63,2.0,0.045,0.401,0.399,нет
0.42,70.8,36.56,1.9,0.034,0.304,0.28,нет
0.43,74.5,36.64,2.57,0.053,0.432,0.345,нет
0.45,75.8,36.59,1.42,0.049,0.343,0.399,нет
0.47,75.2,36.85,1.94,0.056,0.496,0.398,нет
0.48,74.9,36.48,2.34,0.065,0.346,0.358,нет
0.5,77.4,36.51,2.42,0.022,0.392,0.448,нет
0.52,76.8,36.82,1.7,0.039,0.484,0.358,нет
0.53,75.3,36.55,1.53,0.051,0.326,0.354,нет
0.55,71.8,36.65,1.72,0.081,0.344,0.405,нет
0.57,72.7,36.57,2.24,0.025,0.352,0.443,нет
0.58,75.7,36.73,1.52,0.054,0.414,0.339,нет
0.6,75.8,36.68,1.63,0.024,0.397,0.41,нет
0.62,76.6,36.63,2.08,0.057,0.416,0.383,нет
0.63,73.0,36.62,2.09,0.036,0.371,0.476,нет
0.65,80.6,36.65,1.64,0.063,0.442,0.394,нет
0.67,72.1,36.68,2.35,0.034,0.405,0.392,нет
0.68,77.9,36.64,2.25,0.088,0.45,0.312,нет
0.7,74.3,36.52,1.73,0.034,0.317,0.43,нет
0.72,74.8,36.63,2.08,0.067,0.397,0.369,нет
0.73,75.0,36.75,1.92,0.104,0.442,0.343,нет
0.75,76.9,36.51,1.68,0.06,0.338,0.365,нет
0.77,74.3,36.67,2.14,0.049,0.414,0.342,нет
0.78,72.5,36.45,1.87,0.067,0.275,0.349,нет
0.8,75.6,36.48,2.05,0.058,0.331,0.4,нет
0.82,72.3,36.62,2.02,0.027,0.355,0.37,нет
0.83,76.1,36.66,2.32,0.071,0.441,0.479,нет
0.85,70.9,36.51,2.15,0.06,0.3,0.438,нет
0.87,76.5,36.99,2.17,0.073,0.598,0.481,нет
0.88,77.9,36.67,1.91,0.065,0.437,0.317,нет
0.9,72.7,36.58,1.85,0.052,0.33,0.437,нет
0.92,81.9,36.41,2.21,0.018,0.386,0.345,нет
0.93,73.6,36.71,2.02,0.028,0.414,0.407,нет
0.95,72.9,36.67,1.78,0.054,0.369,0.511,нет
0.97,75.1,36.53,2.64,0.063,0.394,0.642,нет
0.98,68.9,36.62,1.8,0.067,0.304,0.591,нет
1.0,72.6,36.59,2.15,0.067,0.355,0.399,нет
1.02,71.4,36.57,1.86,0.037,0.312,0.315,нет
1.03,80.3,36.64,1.62,0.068,0.433,0.461,нет
1.05,81.4,36.7,1.54,0.04,0.472,0.479,нет
1.07,78.8,36.53,2.13,0.065,0.399,0.48,нет
1.08,72.2,36.59,1.03,0.03,0.28,0.525,нет
1.1,74.2,36.48,2.49,0.021,0.345,0.663,нет
1.12,73.7,36.61,2.43,0.021,0.399,0.543,нет
1.13,78.5,36.6,1.71,0.059,0.398,0.572,нет
1.15,75.6,36.54,2.02,0.042,0.358,0.594,нет
1.17,75.3,36.67,2.48,0.025,0.448,0.654,нет
1.18,81.4,36.4,1.95,0.062,0.358,0.539,нет
1.2,75.8,36.54,1.94,0.04,0.354,0.639,нет
1.22,73.2,36.68,2.11,0.036,0.405,0.545,нет
1.23,77.7,36.63,2.24,0.063,0.443,0.578,нет
1.25,72.5,36.54,2.22,0.062,0.339,0.591,нет
1.27,74.9,36.61,2.38,0.038,0.41,0.703,ДА
1.28,76.6,36.58,1.93,0.072,0.383,0.656,нет
1.3,77.5,36.68,2.39,0.05,0.476,0.713,ДА
1.32,77.0,36.57,2.1,0.047,0.394,0.654,нет
1.33,75.3,36.66,1.75,0.092,0.392,0.746,ДА
1.35,72.0,36.48,2.35,0.066,0.312,0.723,ДА
1.37,76.9,36.66,2.0,0.032,0.43,0.723,ДА
1.38,75.2,36.53,2.29,0.047,0.369,0.708,ДА
1.4,72.5,36.57,2.12,0.039,0.343,0.792,ДА
1.42,72.5,36.62,2.07,0.04,0.365,0.783,ДА
1.43,73.6,36.62,1.57,0.022,0.342,0.777,ДА
1.45,72.8,36.58,2.09,0.08,0.349,0.79,ДА
1.47,77.6,36.58,1.99,0.03,0.4,0.73,ДА
1.48,74.9,36.57,2.1,0.033,0.37,0.65,нет
1.5,77.9,36.73,2.01,0.058,0.479,0.79,ДА
1.52,76.3,36.7,1.98,0.051,0.438,0.794,ДА
1.53,86.3,36.51,2.14,0.054,0.481,0.85,ДА
1.55,74.2,36.44,2.28,0.035,0.317,0.794,ДА
1.57,76.1,36.69,2.06,0.061,0.437,0.774,ДА
1.58,77.2,36.42,2.4,0.049,0.345,0.81,ДА
1.6,74.2,36.68,2.02,0.064,0.407,0.808,ДА
1.62,80.7,36.78,1.67,0.021,0.511,0.857,ДА
1.63,85.6,36.81,2.48,0.053,0.642,0.821,ДА
1.65,81.3,36.84,2.26,0.033,0.591,0.782,ДА
1.67,76.7,36.53,2.47,0.067,0.399,0.858,ДА
1.68,73.2,36.47,2.21,0.06,0.315,0.81,ДА
1.7,72.7,36.77,2.36,0.034,0.461,0.843,ДА
1.72,79.2,36.67,2.23,0.042,0.479,0.854,ДА
1.73,75.1,36.68,2.88,0.054,0.48,0.896,ДА
1.75,76.5,36.85,2.1,0.043,0.525,0.816,ДА
1.77,75.2,36.97,3.46,0.049,0.663,0.879,ДА
1.78,82.5,36.78,1.81,0.022,0.543,0.891,ДА
1.8,77.0,36.81,2.92,0.072,0.572,0.919,ДА
1.82,76.3,36.96,2.31,0.033,0.594,0.905,ДА
1.83,80.9,37.03,1.91,0.066,0.654,0.898,ДА
1.85,77.0,36.87,2.04,0.06,0.539,0.89,ДА
1.87,78.4,37.01,2.31,0.035,0.639,0.914,ДА
1.88,78.1,36.76,2.69,0.04,0.545,0.897,ДА
1.9,81.0,36.77,2.59,0.022,0.578,0.928,ДА
1.92,79.5,36.89,2.21,0.076,0.591,0.92,ДА
1.93,83.5,37.08,1.91,0.04,0.703,0.94,ДА
1.95,79.7,36.99,2.47,0.079,0.656,0.883,ДА
1.97,80.3,37.03,2.91,0.048,0.713,0.933,ДА
1.98,78.5,37.01,2.45,0.016,0.654,0.945,ДА
2.0,83.4,37.06,2.81,0.052,0.746,0.916,ДА
2.02,83.4,36.9,3.49,0.064,0.723,0.942,ДА
2.03,84.3,37.01,2.59,0.04,0.723,0.943,ДА
2.05,79.9,37.07,2.64,0.078,0.708,0.919,ДА
2.07,83.0,37.16,3.07,0.039,0.792,0.966,ДА
2.08,91.4,37.02,2.39,0.022,0.783,0.968,ДА
2.1,84.1,37.0,3.63,0.061,0.777,0.97,ДА
2.12,86.6,37.09,2.86,0.096,0.79,0.952,ДА
2.13,77.1,37.17,2.83,0.08,0.73,0.951,ДА
2.15,82.5,36.95,2.11,0.075,0.65,0.962,ДА
2.17,82.4,37.29,2.27,0.029,0.79,0.951,ДА
2.18,86.2,37.11,2.9,0.096,0.794,0.967,ДА
2.2,92.4,37.16,2.82,0.059,0.85,0.948,ДА
2.22,83.1,37.16,3.09,0.045,0.794,0.959,ДА
2.23,76.1,37.28,3.07,0.018,0.774,0.963,ДА
2.25,85.2,37.13,3.3,0.079,0.81,0.977,ДА
2.27,83.2,37.24,2.8,0.074,0.808,0.973,ДА
2.28,88.0,37.22,3.33,0.039,0.857,0.948,ДА
2.3,85.6,37.17,3.2,0.057,0.821,0.942,ДА
2.32,85.2,36.99,3.61,0.035,0.782,0.968,ДА
2.33,86.7,37.31,2.97,0.069,0.858,0.956,ДА
2.35,83.4,37.18,3.26,0.067,0.81,0.385,нет
2.37,86.0,37.24,3.2,0.069,0.843,0.399,нет
2.38,84.8,37.36,2.86,0.082,0.854,0.449,нет
2.4,90.7,37.42,2.75,0.036,0.896,0.426,нет
2.42,82.2,37.31,2.73,0.05,0.816,0.441,нет
2.43,85.5,37.46,2.79,0.115,0.879,0.355,нет
2.45,89.6,37.36,3.16,0.114,0.891,0.402,нет
2.47,89.2,37.52,3.23,0.099,0.919,0.397,нет
2.48,90.5,37.45,2.96,0.049,0.905,0.298,нет
2.5,90.0,37.32,3.61,0.076,0.898,0.411,нет
2.52,90.3,37.42,2.6,0.072,0.89,0.359,нет
2.53,85.6,37.53,3.55,0.077,0.914,0.412,нет
2.55,86.8,37.46,3.17,0.055,0.897,0.406,нет
2.57,95.9,37.37,3.57,0.055,0.928,0.406,нет
2.58,87.1,37.47,3.99,0.066,0.92,0.347,нет
2.6,99.7,37.42,3.25,0.094,0.94,0.438,нет
2.62,87.5,37.36,3.26,0.045,0.883,0.299,нет
2.63,94.7,37.44,3.58,0.061,0.933,0.305,нет
2.65,96.4,37.5,3.57,0.071,0.945,0.398,нет
2.67,91.5,37.45,3.2,0.089,0.916,0.369,нет
2.68,89.2,37.57,4.13,0.07,0.942,0.453,нет
2.7,90.5,37.62,3.65,0.073,0.943,0.394,нет
2.72,92.4,37.41,3.45,0.066,0.919,0.448,нет
2.73,90.4,37.76,4.54,0.056,0.966,0.367,нет
2.75,99.4,37.7,3.66,0.078,0.968,0.413,нет
2.77,94.8,37.74,4.34,0.08,0.97,0.358,нет
2.78,92.2,37.67,3.6,0.068,0.952,0.371,нет
2.8,87.6,37.73,3.98,0.111,0.951,0.348,нет
2.82,97.7,37.62,3.88,0.08,0.962,0.442,нет
2.83,98.4,37.49,3.71,0.054,0.951,0.41,нет
2.85,97.9,37.76,3.34,0.057,0.967,0.408,нет
2.87,95.0,37.61,3.26,0.082,0.948,0.426,нет
2.88,93.9,37.7,3.68,0.105,0.959,0.336,нет
2.9,91.0,37.82,3.78,0.076,0.963,0.414,нет
2.92,98.1,37.8,4.29,0.08,0.977,0.403,нет
2.93,93.3,37.91,3.88,0.098,0.973,0.377,нет
2.95,88.7,37.75,3.35,0.086,0.948,0.423,нет
2.97,94.8,37.55,3.29,0.085,0.942,0.3,нет
2.98,96.4,37.78,3.64,0.1,0.968,0.265,нет
3.0,93.6,37.58,4.29,0.056,0.956,0.431,нет
3.02,76.9,36.54,2.17,0.078,0.385,0.501,нет
3.03,77.8,36.61,1.81,0.064,0.399,0.358,нет
3.05,76.2,36.69,2.19,0.071,0.449,0.548,нет
3.07,73.4,36.73,2.06,0.092,0.426,0.451,нет
3.08,72.9,36.77,2.06,0.037,0.441,0.335,нет
3.1,73.5,36.57,2.13,0.06,0.355,0.308,нет
3.12,73.3,36.6,2.64,0.085,0.402,0.438,нет
3.13,76.3,36.6,2.04,0.062,0.397,0.36,нет
3.15,71.9,36.57,1.5,0.058,0.298,0.322,нет
3.17,76.9,36.55,2.47,0.025,0.411,0.325,нет
3.18,70.6,36.62,2.31,0.084,0.359,0.438,нет
3.2,73.6,36.71,1.99,0.047,0.412,0.38,нет
3.22,77.7,36.67,1.53,0.08,0.406,0.333,нет
3.23,79.1,36.54,2.12,0.06,0.406,0.366,нет
3.25,75.8,36.54,1.8,0.049,0.347,0.423,нет
3.27,78.5,36.65,1.89,0.065,0.438,0.394,нет
3.28,66.5,36.71,1.48,0.043,0.299,0.428,нет
3.3,71.6,36.47,2.35,0.041,0.305,0.372,нет
3.32,76.0,36.6,2.14,0.052,0.398,0.401,нет
3.33,71.2,36.7,1.85,0.019,0.369,0.468,нет
3.35,73.7,36.75,2.26,0.043,0.453,0.42,нет
3.37,74.0,36.57,2.62,0.058,0.394,0.323,нет
3.38,76.3,36.7,2.07,0.045,0.448,0.322,нет
3.4,74.4,36.59,1.99,0.065,0.367,0.356,нет
3.42,75.2,36.67,1.98,0.052,0.413,0.424,нет
3.43,69.0,36.69,2.1,0.07,0.358,0.358,нет
3.45,66.3,36.81,1.96,0.072,0.371,0.386,нет
3.47,71.9,36.66,1.68,0.038,0.348,0.307,нет
3.48,80.7,36.58,2.07,0.067,0.442,0.49,нет
3.5,76.5,36.62,2.11,0.098,0.41,0.427,нет
3.52,74.8,36.62,2.32,0.072,0.408,0.394,нет
3.53,78.6,36.66,1.66,0.083,0.426,0.427,нет
3.55,71.6,36.63,1.77,0.049,0.336,0.265,нет
3.57,76.0,36.63,2.13,0.082,0.414,0.373,нет
3.58,76.4,36.58,2.29,0.074,0.403,0.409,нет
3.6,71.3,36.66,2.21,0.044,0.377,0.387,нет
3.62,79.1,36.58,2.04,0.047,0.423,0.388,нет
3.63,75.0,36.49,1.57,0.082,0.3,0.348,нет
3.65,72.5,36.5,1.35,0.037,0.265,0.411,нет
3.67,71.0,36.76,2.3,0.036,0.431,0.37,нет
3.68,81.8,36.7,1.9,0.0,0.501,0.335,нет
3.7,81.9,36.46,1.51,0.07,0.358,0.404,нет
3.72,82.3,36.74,2.17,0.062,0.548,0.27,нет
3.73,77.6,36.68,2.08,0.052,0.451,0.501,нет
3.75,74.8,36.52,1.92,0.016,0.335,0.431,нет
3.77,74.7,36.5,1.67,0.054,0.308,0.353,нет
3.78,79.2,36.69,1.53,0.03,0.438,0.424,нет
3.8,77.8,36.5,1.93,0.061,0.36,0.241,нет
3.82,72.1,36.61,1.6,0.038,0.322,0.283,нет
3.83,76.0,36.44,2.13,0.05,0.325,0.303,нет
3.85,76.7,36.62,2.41,0.053,0.438,0.443,нет
3.87,73.7,36.61,2.16,0.051,0.38,0.314,нет
3.88,75.1,36.53,1.8,0.022,0.333,0.479,нет
3.9,80.2,36.48,1.79,0.036,0.366,0.559,нет
3.92,77.7,36.57,2.37,0.037,0.423,0.453,нет
3.93,75.8,36.52,2.64,0.026,0.394,0.332,нет
3.95,75.9,36.66,2.12,0.046,0.428,0.553,нет
3.97,74.6,36.6,1.96,0.069,0.372,0.585,нет
3.98,81.6,36.54,1.59,0.048,0.401,0.559,нет
4.0,82.7,36.52,2.49,0.084,0.468,0.328,нет
4.02,73.3,36.66,2.49,0.042,0.42,0.568,нет
4.03,74.4,36.54,1.7,0.037,0.323,0.622,нет
4.05,71.3,36.6,1.77,0.055,0.322,0.526,нет
4.07,70.3,36.63,2.25,0.01,0.356,0.642,нет
4.08,76.1,36.72,1.64,0.083,0.424,0.585,нет
4.1,76.3,36.53,1.98,0.061,0.358,0.689,нет
4.12,75.2,36.65,1.72,0.053,0.386,0.536,нет
4.13,70.8,36.59,1.73,0.035,0.307,0.595,нет
4.15,78.7,36.71,2.18,0.028,0.49,0.452,нет
4.17,74.1,36.72,2.04,0.096,0.427,0.762,ДА
4.18,76.2,36.62,1.91,0.053,0.394,0.586,нет
4.2,74.5,36.67,2.29,0.034,0.427,0.638,нет
4.22,71.0,36.42,2.15,0.028,0.265,0.685,нет
4.23,68.5,36.64,2.75,0.05,0.373,0.713,ДА
4.25,77.5,36.61,1.97,0.068,0.409,0.578,нет
4.27,74.1,36.63,2.1,0.037,0.387,0.571,нет
4.28,78.0,36.58,1.77,0.061,0.388,0.686,нет
4.3,72.3,36.6,2.0,0.072,0.348,0.691,нет
4.32,76.4,36.6,2.25,0.078,0.411,0.663,нет
4.33,76.7,36.6,1.61,0.029,0.37,0.721,ДА
4.35,74.1,36.54,1.94,0.051,0.335,0.672,нет
4.37,76.6,36.59,2.15,0.051,0.404,0.71,ДА
4.38,69.1,36.51,1.96,0.026,0.27,0.74,ДА
4.4,76.8,36.75,2.37,0.046,0.501,0.696,нет
4.42,79.5,36.61,1.9,0.038,0.431,0.673,нет
4.43,74.1,36.56,2.05,0.053,0.353,0.727,ДА
4.45,75.0,36.64,2.36,0.069,0.424,0.764,ДА
4.47,70.5,36.34,2.28,0.023,0.241,0.808,ДА
4.48,74.3,36.48,1.46,0.061,0.283,0.795,ДА
4.5,78.1,36.47,1.26,0.039,0.303,0.82,ДА
4.52,77.6,36.66,2.05,0.031,0.443,0.821,ДА
4.53,76.1,36.51,1.46,0.047,0.314,0.882,ДА
4.55,78.9,36.71,2.0,0.071,0.479,0.819,ДА
4.57,75.0,36.93,2.22,0.066,0.559,0.696,нет
4.58,80.2,36.6,2.18,0.038,0.453,0.843,ДА
4.6,75.6,36.49,1.95,0.075,0.332,0.867,ДА
4.62,77.3,36.84,2.39,0.036,0.553,0.803,ДА
4.63,80.4,36.81,2.53,0.061,0.585,0.841,ДА
4.65,78.2,36.8,2.59,0.062,0.559,0.826,ДА
4.67,72.5,36.62,1.58,0.093,0.328,0.888,ДА
4.68,78.0,36.84,2.45,0.041,0.568,0.842,ДА
4.7,84.8,36.82,2.23,0.066,0.622,0.884,ДА
4.72,81.6,36.71,2.19,0.065,0.526,0.89,ДА
4.73,79.7,36.85,3.17,0.064,0.642,0.815,ДА
4.75,81.8,36.82,2.18,0.029,0.585,0.923,ДА
4.77,81.2,37.04,2.35,0.03,0.689,0.894,ДА
4.78,78.1,36.85,1.96,0.067,0.536,0.857,ДА
4.8,76.9,36.92,2.47,0.089,0.595,0.919,ДА
4.82,73.9,36.81,1.85,0.079,0.452,0.928,ДА
4.83,82.4,37.07,3.16,0.096,0.762,0.863,ДА
4.85,81.7,36.8,2.36,0.055,0.586,0.844,ДА
4.87,82.4,36.87,2.56,0.032,0.638,0.914,ДА
4.88,77.8,36.99,3.21,0.068,0.685,0.915,ДА
4.9,84.3,36.99,2.55,0.048,0.713,0.876,ДА
4.92,79.7,36.81,2.5,0.02,0.578,0.926,ДА
4.93,70.2,37.0,2.77,0.032,0.571,0.845,ДА
4.95,84.0,36.93,2.57,0.065,0.686,0.913,ДА
4.97,83.2,36.95,2.63,0.039,0.691,0.936,ДА
4.98,84.1,36.87,2.61,0.051,0.663,0.898,ДА
5.0,85.4,37.0,2.48,0.058,0.721,0.931,ДА
5.02,85.2,36.89,2.45,0.03,0.672,0.949,ДА
5.03,87.9,36.9,2.48,0.061,0.71,0.943,ДА
5.05,82.0,37.11,2.57,0.05,0.74,0.923,ДА
5.07,71.8,37.13,3.44,0.01,0.696,0.945,ДА
5.08,81.5,36.95,2.63,0.085,0.673,0.911,ДА
5.1,79.6,37.08,2.97,0.064,0.727,0.945,ДА
5.12,86.5,37.05,2.68,0.122,0.764,0.952,ДА
5.13,85.6,37.21,2.63,0.077,0.808,0.956,ДА
5.15,83.3,37.21,2.76,0.076,0.795,0.947,ДА
5.17,87.8,37.2,2.55,0.04,0.82,0.932,ДА
5.18,82.1,37.31,2.85,0.068,0.821,0.944,ДА
5.2,87.9,37.29,3.64,0.071,0.882,0.971,ДА
5.22,83.6,37.2,3.27,0.086,0.819,0.969,ДА
5.23,84.4,36.92,2.69,0.086,0.696,0.961,ДА
5.25,86.7,37.21,3.25,0.053,0.843,0.956,ДА
5.27,83.4,37.36,3.47,0.08,0.867,0.968,ДА
5.28,81.8,37.27,2.75,0.084,0.803,0.973,ДА
5.3,82.2,37.3,3.31,0.078,0.841,0.969,ДА
5.32,83.6,37.21,3.37,0.064,0.826,0.97,ДА
5.33,93.2,37.3,2.84,0.075,0.888,0.98,ДА
5.35,88.6,37.26,2.55,0.078,0.842,0.47,нет
5.37,86.6,37.4,3.15,0.072,0.884,0.441,нет
5.38,84.7,37.51,2.97,0.078,0.89,0.324,нет
5.4,82.7,37.27,2.9,0.078,0.815,0.299,нет
5.42,90.2,37.56,3.01,0.059,0.923,0.353,нет
5.43,90.2,37.31,3.53,0.066,0.894,0.276,нет
5.45,85.4,37.22,3.74,0.09,0.857,0.392,нет
5.47,88.6,37.53,3.34,0.064,0.919,0.344,нет
5.48,94.7,37.45,3.22,0.074,0.928,0.304,нет
5.5,88.8,37.3,2.8,0.051,0.863,0.509,нет
5.52,84.5,37.33,2.84,0.079,0.844,0.37,нет
5.53,86.8,37.45,3.91,0.026,0.914,0.561,нет
5.55,91.8,37.37,3.68,0.048,0.915,0.285,нет
5.57,85.9,37.4,3.07,0.028,0.876,0.349,нет
5.58,87.9,37.6,3.25,0.067,0.926,0.37,нет
5.6,85.0,37.26,3.27,0.06,0.845,0.352,нет
5.62,87.0,37.5,3.52,0.074,0.913,0.287,нет
5.63,90.7,37.55,3.65,0.084,0.936,0.415,нет
5.65,86.6,37.44,3.41,0.061,0.898,0.392,нет
5.67,89.1,37.6,3.33,0.091,0.931,0.318,нет
5.68,90.8,37.69,3.5,0.084,0.949,0.475,нет
5.7,91.9,37.63,3.33,0.063,0.943,0.354,нет
5.72,93.0,37.39,3.71,0.089,0.923,0.352,нет
5.73,93.6,37.53,3.84,0.093,0.945,0.227,нет
5.75,84.1,37.49,3.95,0.099,0.911,0.344,нет
5.77,92.7,37.56,3.82,0.057,0.945,0.417,нет
5.78,90.3,37.7,3.8,0.06,0.952,0.426,нет
5.8,92.2,37.7,3.72,0.091,0.956,0.369,нет
5.82,91.3,37.65,3.52,0.07,0.947,0.375,нет
5.83,93.0,37.48,3.52,0.052,0.932,0.369,нет
5.85,91.2,37.71,2.97,0.073,0.944,0.352,нет
5.87,93.4,37.78,4.39,0.044,0.971,0.375,нет
5.88,103.5,37.56,3.98,0.078,0.969,0.331,нет
5.9,91.8,37.77,3.76,0.081,0.961,0.365,нет
5.92,95.5,37.7,3.24,0.094,0.956,0.404,нет
5.93,98.7,37.53,4.91,0.09,0.968,0.409,нет
5.95,95.5,37.82,4.06,0.071,0.973,0.341,нет
5.97,98.3,37.83,3.0,0.083,0.969,0.276,нет
5.98,96.2,37.81,3.62,0.078,0.97,0.39,нет
6.0,98.6,37.86,4.24,0.085,0.98,0.286,нет
6.02,77.4,36.68,2.36,0.064,0.47,0.452,нет
6.03,76.1,36.71,1.99,0.032,0.441,0.3,нет
6.05,74.5,36.53,1.8,0.047,0.324,0.426,нет
6.07,72.6,36.57,1.43,0.054,0.299,0.486,нет
6.08,75.0,36.52,2.2,0.069,0.353,0.29,нет
6.1,70.2,36.52,1.77,0.031,0.276,0.402,нет
6.12,77.5,36.58,1.92,0.01,0.392,0.413,нет
6.13,76.9,36.48,2.02,0.056,0.344,0.447,нет
6.15,79.1,36.47,1.09,0.054,0.304,0.389,нет
6.17,80.4,36.72,2.06,0.04,0.509,0.309,нет
6.18,77.4,36.5,2.14,0.06,0.37,0.386,нет
6.2,78.2,36.88,2.12,0.04,0.561,0.362,нет
6.22,74.9,36.42,1.79,0.042,0.285,0.417,нет
6.23,73.4,36.62,1.75,0.072,0.349,0.324,нет
6.25,75.0,36.6,1.9,0.053,0.37,0.442,нет
6.27,77.5,36.51,1.8,0.044,0.352,0.381,нет
6.28,71.0,36.52,1.86,0.067,0.287,0.364,нет
6.3,75.8,36.62,2.26,0.047,0.415,0.434,нет
6.32,76.2,36.59,2.08,0.038,0.392,0.382,нет
6.33,67.7,36.59,2.43,0.069,0.318,0.36,нет
6.35,77.9,36.72,2.03,0.054,0.475,0.349,нет
6.37,73.1,36.57,2.18,0.074,0.354,0.37,нет
6.38,74.6,36.55,2.0,0.062,0.352,0.398,нет
6.4,70.7,36.37,1.83,0.026,0.227,0.408,нет
6.42,73.5,36.59,1.86,0.079,0.344,0.285,нет
6.43,76.0,36.63,2.19,0.027,0.417,0.414,нет
6.45,78.1,36.59,2.2,0.029,0.426,0.369,нет
6.47,70.3,36.68,2.11,0.032,0.369,0.308,нет
6.48,72.4,36.71,1.64,0.083,0.375,0.385,нет
6.5,72.3,36.66,1.9,0.062,0.369,0.321,нет
6.52,73.4,36.58,2.01,0.03,0.352,0.353,нет
6.53,77.2,36.55,1.93,0.03,0.375,0.306,нет
6.55,67.3,36.58,2.72,0.066,0.331,0.386,нет
6.57,74.9,36.57,2.01,0.061,0.365,0.364,нет
6.58,71.5,36.71,2.21,0.064,0.404,0.381,нет
6.6,76.3,36.6,2.2,0.062,0.409,0.491,нет
6.62,73.9,36.54,2.03,0.081,0.341,0.382,нет
6.63,71.3,36.45,2.05,0.051,0.276,0.352,нет
6.65,75.5,36.62,1.93,0.08,0.39,0.419,нет
6.67,70.2,36.52,1.97,0.017,0.286,0.402,нет
6.68,74.5,36.77,2.01,0.055,0.452,0.458,нет
6.7,71.2,36.54,1.89,0.044,0.3,0.44,нет
6.72,78.8,36.66,1.67,0.055,0.426,0.318,нет
6.73,76.5,36.71,2.47,0.03,0.486,0.476,нет
6.75,72.6,36.47,1.93,0.059,0.29,0.337,нет
6.77,78.0,36.59,1.9,0.053,0.402,0.333,нет
6.78,72.5,36.81,1.52,0.054,0.413,0.449,нет
6.8,81.1,36.6,1.94,0.043,0.447,0.362,нет
6.82,74.5,36.74,1.34,0.081,0.389,0.326,нет
6.83,70.7,36.57,1.87,0.062,0.309,0.336,нет
6.85,70.2,36.65,2.61,0.023,0.386,0.461,нет
6.87,75.6,36.53,2.13,0.05,0.362,0.426,нет
6.88,73.1,36.65,2.54,0.046,0.417,0.315,нет
6.9,77.2,36.47,1.71,0.059,0.324,0.363,нет
6.92,79.5,36.64,1.91,0.05,0.442,0.265,нет
6.93,71.2,36.66,2.26,0.041,0.381,0.35,нет
6.95,73.6,36.63,1.87,0.049,0.364,0.481,нет
6.97,81.3,36.58,1.89,0.037,0.434,0.355,нет
6.98,77.2,36.58,1.81,0.076,0.382,0.388,нет
7.0,79.3,36.54,1.44,0.07,0.36,0.345,нет
7.02,72.9,36.68,1.41,0.068,0.349,0.25,нет
7.03,71.4,36.67,2.0,0.031,0.37,0.292,нет
7.05,73.8,36.67,2.03,0.062,0.398,0.373,нет
7.07,80.9,36.44,2.49,0.052,0.408,0.381,нет
7.08,72.3,36.47,1.94,0.068,0.285,0.388,нет
7.1,74.6,36.75,1.56,0.05,0.414,0.457,нет
7.12,71.2,36.64,2.27,0.042,0.369,0.439,нет
7.13,67.2,36.62,2.13,0.058,0.308,0.352,нет
7.15,78.7,36.49,2.2,0.074,0.385,0.336,нет
7.17,69.7,36.63,1.85,0.048,0.321,0.419,нет
7.18,76.0,36.55,1.8,0.051,0.353,0.349,нет
7.2,71.7,36.49,2.2,0.027,0.306,0.365,нет
7.22,77.0,36.65,1.48,0.036,0.386,0.325,нет
7.23,78.6,36.5,1.86,0.059,0.364,0.354,нет
7.25,77.4,36.57,1.82,0.078,0.381,0.36,нет
7.27,80.2,36.7,2.03,0.034,0.491,0.308,нет
7.28,72.5,36.65,2.13,0.078,0.382,0.462,нет
7.3,77.0,36.45,2.32,0.03,0.352,0.42,нет
7.32,73.8,36.63,2.6,0.112,0.419,0.355,нет
7.33,76.8,36.58,2.16,0.068,0.402,0.402,нет
7.35,74.0,36.78,2.07,0.06,0.458,0.458,нет
7.37,77.0,36.64,2.25,0.038,0.44,0.44,нет
7.38,73.3,36.49,2.13,0.066,0.318,0.318,нет
7.4,76.4,36.77,2.0,0.063,0.476,0.476,нет
7.42,71.7,36.56,2.21,0.067,0.337,0.337,нет
7.43,74.1,36.59,1.54,0.043,0.333,0.333,нет
7.45,77.7,36.66,2.15,0.051,0.449,0.449,нет
7.47,75.0,36.53,2.21,0.058,0.362,0.362,нет
7.48,76.5,36.55,1.35,0.072,0.326,0.326,нет
7.5,73.6,36.51,2.21,0.042,0.336,0.336,нет
7.52,78.2,36.66,2.21,0.023,0.461,0.461,нет
7.53,78.6,36.63,1.89,0.053,0.426,0.426,нет
7.55,69.7,36.64,1.69,0.023,0.315,0.315,нет
7.57,70.4,36.71,1.81,0.081,0.363,0.363,нет
7.58,73.4,36.43,1.67,0.075,0.265,0.265,нет
7.6,74.5,36.55,2.05,0.06,0.35,0.35,нет
7.62,78.4,36.74,1.89,0.023,0.481,0.481,нет
7.63,73.8,36.63,1.71,0.031,0.355,0.355,нет
7.65,76.0,36.6,2.01,0.035,0.388,0.388,нет
7.67,74.3,36.51,2.27,0.071,0.345,0.345,нет
7.68,69.5,36.51,1.55,0.037,0.25,0.25,нет
7.7,74.7,36.46,1.72,0.03,0.292,0.292,нет
7.72,75.6,36.61,1.78,0.054,0.373,0.373,нет
7.73,73.4,36.57,2.5,0.077,0.381,0.381,нет
7.75,71.1,36.68,2.24,0.027,0.388,0.388,нет
7.77,77.5,36.75,1.66,0.032,0.457,0.457,нет
7.78,78.1,36.63,2.17,0.057,0.439,0.439,нет
7.8,76.2,36.47,2.31,0.073,0.352,0.352,нет
7.82,74.3,36.6,1.54,0.06,0.336,0.336,нет
7.83,76.7,36.59,2.34,0.043,0.419,0.419,нет
7.85,76.7,36.5,1.99,0.047,0.349,0.349,нет
7.87,75.7,36.56,1.96,0.067,0.365,0.365,нет
7.88,73.7,36.44,2.52,0.078,0.325,0.325,нет
7.9,71.1,36.67,1.85,0.055,0.354,0.354,нет
7.92,75.9,36.58,1.76,0.036,0.36,0.36,нет
7.93,72.3,36.52,1.98,0.036,0.308,0.308,нет
7.95,77.0,36.75,1.83,0.055,0.462,0.462,нет
7.97,76.5,36.65,2.02,0.065,0.42,0.42,нет
7.98,76.4,36.48,2.26,0.068,0.355,0.355,нет
